{
  "epoch": [
    1,
    2,
    3,
    4,
    5,
    6,
    7,
    8,
    9,
    10,
    11,
    12,
    13,
    14,
    15,
    16,
    17,
    18,
    19,
    20
  ],
  "train_loss": [
    1.0306752386573328,
    1.0076193297553877,
    0.9829852907122133,
    0.9471205238517857,
    0.8960758145350312,
    0.8394384435002149,
    0.7728046025502312,
    0.7203864836259886,
    0.6710697867231403,
    0.6323656695783102,
    0.596388139978651,
    0.5653694819589534,
    0.5437015469869301,
    0.5215506332877611,
    0.5059936769182872,
    0.485228978479093,
    0.47155839507811376,
    0.4582390757033588,
    0.45100892464805736,
    0.4354015253909486
  ],
  "val_loss": [
    1.0690771664282384,
    1.055795133806699,
    1.117404273168472,
    1.1629899684586285,
    1.224630875641793,
    1.5000521558820206,
    1.6926054061248013,
    1.7122060103031747,
    1.7322506037937209,
    1.842377185670618,
    2.0364079460448505,
    2.2196725577421272,
    2.1341421348149434,
    2.2362764169656995,
    2.083240092918834,
    2.1737666665677686,
    2.5580677458627794,
    2.409256652551494,
    2.4861931762701897,
    2.523875873990761
  ],
  "train_accuracy": [
    0.4365072917089816,
    0.47083316407360765,
    0.5041231669171711,
    0.5448673680789698,
    0.5892878904821871,
    0.628529065280091,
    0.6686639314295,
    0.6958402729820855,
    0.7207011414875899,
    0.740788885729374,
    0.7564487955477922,
    0.7703010114961205,
    0.7794004143478084,
    0.7887232400373726,
    0.7960149490189706,
    0.8055205752122517,
    0.8111061461591583,
    0.8167729617743835,
    0.8195962139984564,
    0.826136409798107
  ],
  "val_accuracy": [
    0.3949821613534354,
    0.4123604557486477,
    0.3929105765910922,
    0.40545517320750374,
    0.3886523190240534,
    0.39394636897226376,
    0.39222004833697777,
    0.394867073311083,
    0.37898492346645185,
    0.3805961560593854,
    0.38025089193232825,
    0.3842789734146622,
    0.3997007710898838,
    0.380481068017033,
    0.39613304177695935,
    0.3950972493957878,
    0.3843940614570146,
    0.3893428472781678,
    0.38105650822879505,
    0.37518701806882265
  ],
  "train_precision": [
    0.4389047553394268,
    0.47717428029984643,
    0.5092033386669818,
    0.5441498310871147,
    0.5821824670069233,
    0.6187208757481756,
    0.6526430695644355,
    0.6759536715822635,
    0.6967772494573472,
    0.7147163669608219,
    0.7292776312488707,
    0.7409030267092082,
    0.7514749241804602,
    0.7607536590365399,
    0.767648810977588,
    0.778098810334864,
    0.7848808654462146,
    0.7902787556460743,
    0.7936957384448551,
    0.800512198881869
  ],
  "val_precision": [
    0.4263932732604963,
    0.4604835692961136,
    0.39536055199387743,
    0.4250210622599022,
    0.3980554142293704,
    0.3854194828512935,
    0.41675399693669185,
    0.40585660519022043,
    0.3719739810508738,
    0.37098810337666627,
    0.3681225971971202,
    0.3813596886899709,
    0.3997731630230017,
    0.3672762148337596,
    0.3895714490462088,
    0.3936817214028985,
    0.3742337972433594,
    0.38561198071938646,
    0.3738770146314483,
    0.3713838631045809
  ],
  "train_recall": [
    0.4036345453183981,
    0.4393437033776428,
    0.46845537459019376,
    0.5035523843880731,
    0.5419064028645467,
    0.5799555197586895,
    0.6159475695967789,
    0.6429341856543705,
    0.6675622351459717,
    0.6888699709076556,
    0.7050105316988367,
    0.7204110517076496,
    0.7321587091645063,
    0.7433181414544241,
    0.7517905645629478,
    0.7633786570513292,
    0.7699055976557766,
    0.777506107065169,
    0.7807703799642677,
    0.788886281226498
  ],
  "val_recall": [
    0.350033462798796,
    0.3499190045384128,
    0.34918028175420074,
    0.3656142079438842,
    0.3512322743455514,
    0.35928710161847316,
    0.3594565556102764,
    0.35793104673635806,
    0.3596703407858322,
    0.36275976218387657,
    0.3517338221637411,
    0.3558120725460085,
    0.37332345249206983,
    0.351805232964933,
    0.3735912465211035,
    0.3691934779570845,
    0.35565672464288695,
    0.3693958521606246,
    0.35728660604126655,
    0.35250489966296433
  ],
  "train_f1": [
    0.4059715380434426,
    0.4449517590484937,
    0.47324756327314016,
    0.5065019333697641,
    0.5428784272074368,
    0.5819371754292934,
    0.6169869243984355,
    0.6444756336405407,
    0.6693421232380862,
    0.6912316167858382,
    0.7077207437709325,
    0.7232958825484953,
    0.7357201832826649,
    0.7470849413718176,
    0.7555261241847407,
    0.7672495698767824,
    0.7740617715165817,
    0.781366902575319,
    0.7847707946949907,
    0.792717501588675
  ],
  "val_f1": [
    0.28476429608291876,
    0.31789271403997826,
    0.316824585366314,
    0.3213909604275014,
    0.33479611896917083,
    0.33170600169895154,
    0.32998344858534545,
    0.33102192887992277,
    0.3457257397592972,
    0.35086613016240326,
    0.3356726964611852,
    0.3223354792060992,
    0.3550323644777194,
    0.32597681068856305,
    0.3599019005529614,
    0.35541689674708166,
    0.3418790187794892,
    0.3584672348582125,
    0.34161097929791023,
    0.33156323877128696
  ],
  "train_auc": [
    0.6038936423724318,
    0.6380638978904992,
    0.6689150119800938,
    0.7049929318058528,
    0.7457267231137886,
    0.7808655843079718,
    0.8157914374678441,
    0.839073741553403,
    0.8597942162923139,
    0.8742764840123917,
    0.8870390963314,
    0.897347858761186,
    0.9051880254795694,
    0.9120741273986654,
    0.9168780767779454,
    0.9233635860972491,
    0.9273993609379326,
    0.9310619209597001,
    0.9328907982022451,
    0.9374470708317854
  ],
  "val_auc": [
    0.5719894775897776,
    0.5638101068510198,
    0.5485621707110526,
    0.5564786115913188,
    0.5466142944874606,
    0.5336787437633154,
    0.5348405971060668,
    0.5278665437449185,
    0.5167929165305406,
    0.5354664214747613,
    0.5170496051739037,
    0.5270082558652073,
    0.5444546431454729,
    0.5219436390564572,
    0.5351433128464016,
    0.530754353597668,
    0.5200807158610954,
    0.5327853109501403,
    0.5227956583281345,
    0.5298423026757427
  ]
}