{
  "epoch": [
    1,
    2,
    3,
    4,
    5,
    6,
    7,
    8,
    9,
    10,
    11,
    12
  ],
  "train_loss": [
    0.010576092112014083,
    0.006013790001033505,
    0.005973522614515767,
    0.00593767647254435,
    0.005913118233681001,
    0.005897044501649644,
    0.00588413274519052,
    0.005879558123280656,
    0.005870714535413091,
    0.005865246486688881,
    0.005860410092661805,
    0.005854371292825618
  ],
  "val_loss": [
    0.008172879893179242,
    0.00730046409351141,
    0.007532209899520507,
    0.007166948055600802,
    0.007263369624437319,
    0.007336166783125709,
    0.007323364109730378,
    0.007743564109232705,
    0.0073424612825415,
    0.007241925668982775,
    0.007221162227463004,
    0.007195071817460111
  ],
  "train_mae": [
    0.0354964154951126,
    0.026291526227292583,
    0.02619370394541717,
    0.026134761704989018,
    0.02608596259062013,
    0.026059773478398624,
    0.026061569581679735,
    0.02605697395523946,
    0.02602217536118993,
    0.026014908894689666,
    0.025998925350054578,
    0.025996209025655945
  ],
  "val_mae": [
    0.03238964793340757,
    0.03177956281215411,
    0.03355023159756834,
    0.03179672275899551,
    0.03191080616679081,
    0.03242136499120321,
    0.03184055151803055,
    0.032673749543735926,
    0.031912360881194306,
    0.03173549125050142,
    0.03180003604128355,
    0.03186345458791193
  ]
}