split,H,signal_horizon,pinball,mae_at_signal,coverage_q10_q90
val,24,24,0.007166948055600802,0.03179671987891197,
test,24,24,0.005480404059099137,0.023224223405122757,0.8585811827334799
