{
  "epoch": [
    1,
    2,
    3,
    4,
    5,
    6,
    7,
    8,
    9,
    10,
    11,
    12
  ],
  "train_loss": [
    0.9821460838547299,
    0.8475386749223546,
    0.7504360546158818,
    0.6918187647994556,
    0.6596746430553729,
    0.6323479515928427,
    0.611368326339446,
    0.5963612477579402,
    0.5840338206083471,
    0.5692446743618161,
    0.5604638734650907,
    0.5519186444044707
  ],
  "val_loss": [
    1.000665112331418,
    1.1862722317966345,
    1.249190756566318,
    1.1695389517506105,
    1.2169712960871817,
    1.1663485023796303,
    1.2722246438789087,
    1.3235462806789517,
    1.2016610037641053,
    1.2557411135797623,
    1.3107077236405962,
    1.2842723341832667
  ],
  "train_accuracy": [
    0.4990967092775961,
    0.619520226851746,
    0.6815843033227378,
    0.7122504516453612,
    0.727457751149123,
    0.7396007226325779,
    0.7491595966063711,
    0.7539390335932676,
    0.7599533490361088,
    0.7681630039561846,
    0.7710443870200553,
    0.7777447460495324
  ],
  "val_accuracy": [
    0.48003703275083903,
    0.44925355861590094,
    0.4426570998726999,
    0.47043166300196737,
    0.4656868418007175,
    0.471241754426571,
    0.4705473903483393,
    0.462446476102303,
    0.4656868418007175,
    0.4725147552366624,
    0.4578173822474251,
    0.47494502951047335
  ],
  "train_precision": [
    0.4805633532109466,
    0.591062064690762,
    0.6500788056759588,
    0.6786428888776069,
    0.6938929671464527,
    0.7059899133772278,
    0.7163743621371642,
    0.7200633503529481,
    0.7266332957330727,
    0.7363257629994265,
    0.738581814276048,
    0.7469780807968966
  ],
  "val_precision": [
    0.32156305042734157,
    0.3151027147069036,
    0.30613797171363943,
    0.3148025403243919,
    0.327779986429137,
    0.31681573624813053,
    0.31901384587544435,
    0.31543533944430924,
    0.31777561192539056,
    0.3391946372610471,
    0.3482954474915423,
    0.3196274779265474
  ],
  "train_recall": [
    0.44615024113950036,
    0.5607262536161827,
    0.6240918651679803,
    0.6551320745586756,
    0.6714888525939303,
    0.6845051423320591,
    0.6954244197764076,
    0.7010073147350937,
    0.7083142151762506,
    0.7171684970823086,
    0.7208908607704226,
    0.7282489468244883
  ],
  "val_recall": [
    0.3646119329507946,
    0.34929908239110957,
    0.34226361973014763,
    0.3562370080346982,
    0.353667251997096,
    0.3580609272011834,
    0.3596727091194805,
    0.3547597718602246,
    0.35731141402158034,
    0.36164511784221665,
    0.352831313430157,
    0.3605808640672936
  ],
  "train_f1": [
    0.4473617012787898,
    0.5601404259917185,
    0.6251405272662,
    0.6568034513527327,
    0.6739844002285706,
    0.6873832959779388,
    0.6988737081777696,
    0.704372665432136,
    0.7118411015053857,
    0.7211716255690382,
    0.7248915254440087,
    0.7326011226952241
  ],
  "val_f1": [
    0.34019608346380675,
    0.2999589846898819,
    0.30324807344585825,
    0.33366755184214236,
    0.3320621238023411,
    0.3344723230126599,
    0.3321741833766349,
    0.32442478240859113,
    0.326358717395676,
    0.3338958722998892,
    0.3320322348789676,
    0.33748882907796335
  ],
  "train_auc": [
    0.6643422689823892,
    0.7737245064810528,
    0.8249630306058022,
    0.8501568595464514,
    0.8630223673595204,
    0.8741560207434024,
    0.8821929820354031,
    0.8879341249146003,
    0.892151914573352,
    0.8972053978743381,
    0.8996181063192865,
    0.9032127360106669
  ],
  "val_auc": [
    0.5350557777163159,
    0.539878965499858,
    0.5341533491109187,
    0.5360632426925286,
    0.5351765072327231,
    0.5387742907071539,
    0.5435023256556617,
    0.5393435116310007,
    0.5409110875593958,
    0.5376369525186925,
    0.534936702984517,
    0.5412900958017346
  ]
}