{
  "task_type": "quantile_forecast",
  "forecast": {
    "H": 24,
    "quantiles": [
      0.1,
      0.5,
      0.9
    ],
    "signal_horizon": 24,
    "q_indices": {
      "q10": 0,
      "q50": 1,
      "q90": 2
    },
    "val_pinball": 0.007684368194408431,
    "test_pinball": 0.006122461484541226,
    "val_mae_at_signal": 0.03277922421693802,
    "test_mae_at_signal": 0.025484856218099594
  },
  "signal": {
    "score_definition": "score = mu / (iqr + eps), long if score>=thr and mu>0",
    "eps": 1e-06,
    "selected_threshold": 0.07107245177030563,
    "threshold_sweep": [
      {
        "threshold": 0.07107245177030563,
        "val_trading": {
          "avg_daily_return": 0.002425651742580675,
          "cumulative_return": 0.7869900875669311,
          "sharpe": 1.142831719761454,
          "hit_ratio": 0.5076923076923077,
          "avg_return_in_position": 0.002694339320220381,
          "in_position_rate": 0.9002770083102493
        },
        "test_trading": {
          "avg_daily_return": 0.0002244738380015011,
          "cumulative_return": 0.001958479097494026,
          "sharpe": 0.20355841551593595,
          "hit_ratio": 0.5081967213114754,
          "avg_return_in_position": 0.0006642217665454253,
          "in_position_rate": 0.3379501385041551
        },
        "selection_score": 1.142831719761454,
        "val_long_rate": 0.9002770083102493,
        "test_long_rate": 0.3379501385041551
      },
      {
        "threshold": 0.07168082147836685,
        "val_trading": {
          "avg_daily_return": 0.0009965036305118146,
          "cumulative_return": 0.09118648335725088,
          "sharpe": 0.4883965259491406,
          "hit_ratio": 0.49480968858131485,
          "avg_return_in_position": 0.0012447675107777345,
          "in_position_rate": 0.8005540166204986
        },
        "test_trading": {
          "avg_daily_return": 0.0003816614738200926,
          "cumulative_return": 0.0858339159324184,
          "sharpe": 0.41359148728293793,
          "hit_ratio": 0.5473684210526316,
          "avg_return_in_position": 0.0014503136005163517,
          "in_position_rate": 0.2631578947368421
        },
        "selection_score": 0.4883965259491406,
        "val_long_rate": 0.8005540166204986,
        "test_long_rate": 0.2631578947368421
      },
      {
        "threshold": 0.07215122133493423,
        "val_trading": {
          "avg_daily_return": 0.0005114384107835724,
          "cumulative_return": -0.05228595210861431,
          "sharpe": 0.26902617912784593,
          "hit_ratio": 0.48616600790513836,
          "avg_return_in_position": 0.0007297599458216194,
          "in_position_rate": 0.7008310249307479
        },
        "test_trading": {
          "avg_daily_return": 0.00011296310896650654,
          "cumulative_return": -0.008204793034991109,
          "sharpe": 0.13008047106453235,
          "hit_ratio": 0.55,
          "avg_return_in_position": 0.0005097460292113603,
          "in_position_rate": 0.22160664819944598
        },
        "selection_score": 0.26902617912784593,
        "val_long_rate": 0.7008310249307479,
        "test_long_rate": 0.22160664819944598
      },
      {
        "threshold": 0.07255706191062927,
        "val_trading": {
          "avg_daily_return": 0.0003179879954922842,
          "cumulative_return": -0.1023134515499734,
          "sharpe": 0.17316437659787323,
          "hit_ratio": 0.4930875576036866,
          "avg_return_in_position": 0.0005290030708420035,
          "in_position_rate": 0.6011080332409973
        },
        "test_trading": {
          "avg_daily_return": 0.00016536334549920186,
          "cumulative_return": 0.012478716911709098,
          "sharpe": 0.19383424912094147,
          "hit_ratio": 0.5692307692307692,
          "avg_return_in_position": 0.0009184025803878748,
          "in_position_rate": 0.18005540166204986
        },
        "selection_score": 0.17316437659787323,
        "val_long_rate": 0.6011080332409973,
        "test_long_rate": 0.18005540166204986
      },
      {
        "threshold": 0.07297230511903763,
        "val_trading": {
          "avg_daily_return": -0.0007949840547146654,
          "cumulative_return": -0.38577903909069655,
          "sharpe": -0.4568343812338577,
          "hit_ratio": 0.4530386740331492,
          "avg_return_in_position": -0.0015855759323314597,
          "in_position_rate": 0.5013850415512465
        },
        "test_trading": {
          "avg_daily_return": 0.0004747125810131804,
          "cumulative_return": 0.13540713907641044,
          "sharpe": 0.5740309352221116,
          "hit_ratio": 0.6140350877192983,
          "avg_return_in_position": 0.0030065130130834767,
          "in_position_rate": 0.15789473684210525
        },
        "selection_score": -0.4568343812338577,
        "val_long_rate": 0.5013850415512465,
        "test_long_rate": 0.15789473684210525
      },
      {
        "threshold": 0.07330109924077988,
        "val_trading": {
          "avg_daily_return": -0.0011224032383599007,
          "cumulative_return": -0.43179218748834647,
          "sharpe": -0.7223257838207959,
          "hit_ratio": 0.4206896551724138,
          "avg_return_in_position": -0.0027943970279167177,
          "in_position_rate": 0.40166204986149584
        },
        "test_trading": {
          "avg_daily_return": 0.00018374255299396022,
          "cumulative_return": 0.02320728803654215,
          "sharpe": 0.22462532669593305,
          "hit_ratio": 0.5625,
          "avg_return_in_position": 0.0013818971173087426,
          "in_position_rate": 0.1329639889196676
        },
        "selection_score": -0.7223257838207959,
        "val_long_rate": 0.40166204986149584,
        "test_long_rate": 0.1329639889196676
      },
      {
        "threshold": 0.0736226961016655,
        "val_trading": {
          "avg_daily_return": -0.001966780548210632,
          "cumulative_return": -0.5655192238808412,
          "sharpe": -1.4434841322948713,
          "hit_ratio": 0.3669724770642202,
          "avg_return_in_position": -0.006513832824807687,
          "in_position_rate": 0.30193905817174516
        },
        "test_trading": {
          "avg_daily_return": 0.00029462691216023865,
          "cumulative_return": 0.06547266414410324,
          "sharpe": 0.36203792560251746,
          "hit_ratio": 0.5869565217391305,
          "avg_return_in_position": 0.002312180767170569,
          "in_position_rate": 0.12742382271468145
        },
        "selection_score": -1.4434841322948713,
        "val_long_rate": 0.30193905817174516,
        "test_long_rate": 0.12742382271468145
      },
      {
        "threshold": 0.07399281114339828,
        "val_trading": {
          "avg_daily_return": -0.0004349339863009697,
          "cumulative_return": -0.22338466450138494,
          "sharpe": -0.36000332256299244,
          "hit_ratio": 0.410958904109589,
          "avg_return_in_position": -0.0021508379322554795,
          "in_position_rate": 0.20221606648199447
        },
        "test_trading": {
          "avg_daily_return": 0.0004903700253359938,
          "cumulative_return": 0.16764048408919519,
          "sharpe": 0.8437579041472082,
          "hit_ratio": 0.5806451612903226,
          "avg_return_in_position": 0.005710438036977218,
          "in_position_rate": 0.08587257617728532
        },
        "selection_score": -0.36000332256299244,
        "val_long_rate": 0.20221606648199447,
        "test_long_rate": 0.08587257617728532
      },
      {
        "threshold": 0.07443350553512573,
        "val_trading": {
          "avg_daily_return": -0.0005534687249021608,
          "cumulative_return": -0.23042006703703488,
          "sharpe": -0.5724047444869385,
          "hit_ratio": 0.40540540540540543,
          "avg_return_in_position": -0.005400059721342704,
          "in_position_rate": 0.10249307479224377
        },
        "test_trading": {
          "avg_daily_return": -5.156938465128722e-05,