split,H,signal_horizon,pinball,mae_at_signal,coverage_q10_q90
val,24,24,0.007684368194408431,0.03277922421693802,
test,24,24,0.006122461484541226,0.025484856218099594,0.9346140492998496
