{
  "task_type": "classification",
  "num_classes": 3,
  "class_encoding": {
    "0": "DOWN",
    "1": "FLAT",
    "2": "UP"
  },
  "label_config": {
    "use_log_returns": true,
    "direction_threshold": 0.005,
    "forecast_horizons": [
      24
    ],
    "use_multi_horizon": false,
    "frequency": "1h",
    "horizon_steps": 24,
    "non_overlapping_trades": true
  },
  "seq_length": 96,
  "eval_id": "tft_eval_20260104_024719",
  "model_checkpoint": "C:\\Users\\laro1\\PycharmProjects\\Bachelorarbeit_Ramos\\experiment_9\\models\\tft_btc_best.pth",
  "val_loss_ce": 1.4940861232467526,
  "test_loss_ce": 1.6265311856250575,
  "val_multiclass": {
    "accuracy": 0.37773405855803727,
    "precision": 0.3833729477259742,
    "recall": 0.3788909619117604,
    "f1": 0.36505288181974077,
    "auc": 0.532837877576799
  },
  "test_multiclass": {
    "accuracy": 0.3702250432775534,
    "precision": 0.3502480139483009,
    "recall": 0.33995026183797417,
    "f1": 0.30575013492428554,
    "auc": 0.5053755072090153
  },
  "up_vs_rest": {
    "up_class_index": 2,
    "auto_tune_threshold": true,
    "selection_metric": "sharpe",
    "selected_threshold": 0.45,
    "val_binary_metrics": {
      "accuracy": 0.561971993982178,
      "balanced_accuracy": 0.5172295654544341,
      "precision": 0.3872993719469644,
      "recall": 0.3536158012105766,
      "f1": 0.36969192339716905,
      "macro_f1": 0.5170265061696317,
      "auc": 0.49593993391612123,
      "positive_rate": 0.33167457470200207
    },
    "test_binary_metrics": {
      "accuracy": 0.566532025389498,
      "balanced_accuracy": 0.5198005821238159,
      "precision": 0.4703488372093023,
      "recall": 0.22140120415982484,
      "f1": 0.30107927056196504,
      "macro_f1": 0.4934636901488313,
      "auc": 0.536675307754795,
      "positive_rate": 0.1984997114829775
    },
    "val_trading_metrics": {
      "avg_daily_return": 0.00196980033296653,
      "cumulative_return": 0.971550142620695,
      "sharpe": 2.336124887352212,
      "hit_ratio": 0.1772853185595568,
      "avg_return_in_position": 0.006026253561024724
    },
    "test_trading_metrics": {
      "avg_daily_return": 0.0012322144865898775,
      "cumulative_return": 0.49082320419236636,
      "sharpe": 1.2074764266375473,
      "hit_ratio": 0.11602209944751381,
      "avg_return_in_position": 0.00586923215980968
    },
    "threshold_sweep": [
      {
        "threshold": 0.35,
        "val_binary": {
          "accuracy": 0.5399837981715079,
          "balanced_accuracy": 0.5148081632454542,
          "precision": 0.3802292263610315,
          "recall": 0.4227460974832749,
          "f1": 0.4003620455573993,
          "macro_f1": 0.5136138585995952,
          "auc": 0.49593993391612123,
          "positive_rate": 0.40388843883809744
        },
        "test_binary": {
          "accuracy": 0.560530871321408,
          "balanced_accuracy": 0.5201703761303675,
          "precision": 0.46283783783783783,
          "recall": 0.2624521072796935,
          "f1": 0.33496332518337407,
          "macro_f1": 0.5034003113335002,
          "auc": 0.536675307754795,
          "positive_rate": 0.23912290825158683
        },
        "val_trading": {
          "avg_daily_return": 0.001369901510414129,
          "cumulative_return": 0.5720888817667913,
          "sharpe": 1.4199832804739274,
          "hit_ratio": 0.2077562326869806,
          "avg_return_in_position": 0.0033414489544560852
        },
        "test_trading": {
          "avg_daily_return": 0.000744898080107997,
          "cumulative_return": 0.24415570208014947,
          "sharpe": 0.6974327849436001,
          "hit_ratio": 0.13259668508287292,
          "avg_return_in_position": 0.0028994957526784397
        },
        "selection_score": 1.4199832804739274
      },
      {
        "threshold": 0.4,
        "val_binary": {
          "accuracy": 0.5532924430042819,
          "balanced_accuracy": 0.5178021800755009,
          "precision": 0.3858093126385809,
          "recall": 0.3880216629499841,
          "f1": 0.3869123252858958,
          "macro_f1": 0.5177780268337362,
          "auc": 0.49593993391612123,
          "positive_rate": 0.36535123249623885
        },
        "test_binary": {
          "accuracy": 0.5637622619734565,
          "balanced_accuracy": 0.5199627049281946,
          "precision": 0.4665249734325186,
          "recall": 0.24028461959496442,
          "f1": 0.3171965317919075,
          "macro_f1": 0.4983472908238832,
          "auc": 0.536675307754795,
          "positive_rate": 0.21719561454125794
        },
        "val_trading": {
          "avg_daily_return": 0.0011043651227054857,
          "cumulative_return": 0.4310851706017924,
          "sharpe": 1.1701038844734148,
          "hit_ratio": 0.18559556786703602,
          "avg_return_in_position": 0.002888955139831017
        },
        "test_trading": {
          "avg_daily_return": 0.001102920329070369,
          "cumulative_return": 0.42171998743038386,
          "sharpe": 1.0728395667675272,
          "hit_ratio": 0.12430939226519337,
          "avg_return_in_position": 0.004753061418136589
        },
        "selection_score": 1.1701038844734148
      },
      {
        "threshold": 0.45,
        "val_binary": {
          "accuracy": 0.561971993982178,
          "balanced_accuracy": 0.5172295654544341,
          "precision": 0.3872993719469644,
          "recall": 0.3536158012105766,
          "f1": 0.36969192339716905,
          "macro_f1": 0.5170265061696317,
          "auc": 0.49593993391612123,
          "positive_rate": 0.33167457470200207
        },
        "test_binary": {
          "accuracy": 0.566532025389498,
          "balanced_accuracy": 0.5198005821238159,
          "precision": 0.4703488372093023,
          "recall": 0.22140120415982484,
          "f1": 0.30107927056196504,
          "macro_f1": 0.4934636901488313,
          "auc": 0.536675307754795,
          "positive_rate": 0.1984997114829775
        },
        "val_trading": {
          "avg_daily_return": 0.00196980033296653,
          "cumulative_return": 0.971550142620695,
          "sharpe": 2.336124887352212,
          "hit_ratio": 0.1772853185595568,
          "avg_return_in_position": 0.006026253561024724
        },
        "test_trading": {
          "avg_daily_return": 0.0012322144865898775,
          "cumulative_return": 0.49082320419236636,
          "sharpe": 1.2074764266375473,
          "hit_ratio": 0.11602209944751381,
          "avg_return_in_position": 0.00586923215980968
        },
        "selection_score": 2.336124887352212
      },
      {
        "threshold": 0.5,
        "val_binary": {
          "accuracy": 0.5690313621108668,
          "balanced_accuracy": 0.5160687897209958,
          "precision": 0.3878880797240322,
          "recall": 0.3223956674100032,
          "f1": 0.3521224773834377,
          "macro_f1": 0.5146254835330575,
          "auc": 0.49593993391612123,
          "positive_rate": 0.30193264668441155
        },
        "test_binary": {
          "accuracy": 0.5650317368724754,
          "balanced_accuracy": 0.5153907435388178,
          "precision": 0.46325878594249204,
          "recall": 0.1984126984126984,
          "f1": 0.27783100210768347,
          "macro_f1": 0.4833131560781998,
          "auc": 0.536675307754795,
          "positive_rate": 0.18061165608770918
        },
        "val_trading": {
          "avg_daily_return": 0.001771271170934624,
          "cumulative_return": 0.8377172497593426,
          "sharpe": 2.14323716289679,
          "hit_ratio": 0.16897506925207756,
          "avg_return_in_position": 0.005760620655021615
        },
        "test_trading": {
          "avg_daily_return": 0.0012022634566613225,
          "cumulative_return": 0.47545481047362315,
          "sharpe": 1.1839672867662339,
          "hit_ratio": 0.10497237569060773,
          "avg_return_in_position": 0.006217419590162838
        },