{
  "epoch": [
    1,
    2,
    3,
    4,
    5,
    6,
    7,
    8,
    9,
    10,
    11,
    12
  ],
  "train_loss": [
    0.9889285997787077,
    0.8812986479601348,
    0.7996256288439831,
    0.7487432085840449,
    0.7137025054475178,
    0.6896693123380959,
    0.6693053519859219,
    0.6522115798331548,
    0.6393190043537266,
    0.6265580848074206,
    0.6171648036104979,
    0.6097388757149262
  ],
  "val_loss": [
    1.227754218616139,
    1.3903205089030504,
    1.47825299171838,
    1.4940861232467526,
    1.5942683102369668,
    1.609665809413264,
    1.7739688255847321,
    1.7229623290320097,
    1.833242263386694,
    1.8449313657425328,
    2.018704509655092,
    2.016072292540888
  ],
  "train_accuracy": [
    0.49143659488318175,
    0.596042384365459,
    0.6526147365671277,
    0.6826886969583177,
    0.6995379516400267,
    0.7109667096605659,
    0.7220199513461444,
    0.7295302780453559,
    0.7352609838527976,
    0.7447795066041895,
    0.7463958595242371,
    0.7494979509869549
  ],
  "val_accuracy": [
    0.35470431663001967,
    0.36928596227288507,
    0.36176368475870846,
    0.37773405855803727,
    0.3645411410716352,
    0.3732206920495313,
    0.369401689619257,
    0.3591019557921537,
    0.3508853141997454,
    0.35852331906029394,
    0.3460247656521236,
    0.34498321953477606
  ],
  "train_precision": [
    0.47233196860978205,
    0.5685885199268115,
    0.6183644061763351,
    0.6469142215616394,
    0.6600582643110892,
    0.67237169234446,
    0.6848652029083552,
    0.6899618501112115,
    0.6979246557067543,
    0.7082120612783379,
    0.709972467246855,
    0.7116481804674072
  ],
  "val_precision": [
    0.3667193192445031,
    0.37922143387982926,
    0.36899796990615735,
    0.3833729477259742,
    0.3716137890237274,
    0.3782296999387847,
    0.38228907841262066,
    0.3710303987949191,
    0.3640713014213465,
    0.37292741853308947,
    0.35643102751759503,
    0.3564938337734019
  ],
  "train_recall": [
    0.43574928390689505,
    0.532001469353851,
    0.5836030625338131,
    0.6126773595258577,
    0.6290228342553138,
    0.6409263369917935,
    0.651918722967975,
    0.6601735937357228,
    0.6666340899697927,
    0.676911057995549,
    0.6782594192942221,
    0.6820159723813327
  ],
  "val_recall": [
    0.35544616459908446,
    0.37193973180187667,
    0.36470218505456325,
    0.3788909619117604,
    0.36281108115838734,
    0.37254148340139753,
    0.3684445104445322,
    0.3564282312287193,
    0.35261287205552266,
    0.3584749707651133,
    0.3479349267997543,
    0.3449363657977787
  ],
  "train_f1": [
    0.436360439977662,
    0.5325233431159216,
    0.5837043326993332,
    0.6133464699530107,
    0.6298002187374835,
    0.6423874743798832,
    0.6539863665673077,
    0.6624503854772558,
    0.6695030756221092,
    0.6802939567960399,
    0.6817107850173899,
    0.6855733503954472
  ],
  "val_f1": [
    0.33376371413238753,
    0.3604092808934742,
    0.347484320337281,
    0.36505288181974077,
    0.34533325907408385,
    0.35863853750191216,
    0.3628248122900218,
    0.34497010066910355,
    0.33825732162416705,
    0.3436301547594684,
    0.3354530263781172,
    0.33595386581377235
  ],
  "train_auc": [
    0.6509979619592324,
    0.7479358023290601,
    0.7965270514095305,
    0.821746092688357,
    0.837257716877634,
    0.8480240284606468,
    0.8563763348194655,
    0.8635647323030669,
    0.8687108628611915,
    0.873080322224626,
    0.8771422211935812,
    0.8796767380024558
  ],
  "val_auc": [
    0.5240674897893861,
    0.5303520317016146,
    0.5258659665675837,
    0.532837877576799,
    0.5298379053066745,
    0.52964335766681,
    0.5227273771398969,
    0.5226009528850782,
    0.5179336878076127,
    0.5259560110331868,
    0.5198199942169079,
    0.5171025073087806
  ]
}