{
  "task_type": "classification",
  "num_classes": 3,
  "class_encoding": {
    "0": "DOWN",
    "1": "FLAT",
    "2": "UP"
  },
  "label_config": {
    "use_log_returns": true,
    "direction_threshold": 0.005,
    "forecast_horizons": [
      24
    ],
    "use_multi_horizon": false,
    "frequency": "1h",
    "horizon_steps": 24,
    "non_overlapping_trades": true
  },
  "seq_length": 96,
  "eval_id": "tft_eval_20260103_202926",
  "model_checkpoint": "C:\\Users\\laro1\\PycharmProjects\\Bachelorarbeit_Ramos\\experiment_7b\\models\\tft_btc_best.pth",
  "val_loss_ce": 1.161815719266056,
  "test_loss_ce": 1.164966040903878,
  "val_multiclass": {
    "accuracy": 0.36826312752452395,
    "precision": 0.3779034163674703,
    "recall": 0.3637298191765235,
    "f1": 0.36264247092632124,
    "auc": 0.5356250650073152
  },
  "test_multiclass": {
    "accuracy": 0.3889975831511106,
    "precision": 0.29833222005203686,
    "recall": 0.32386863691545814,
    "f1": 0.28494733077973317,
    "auc": 0.4938366290530851
  },
  "up_vs_rest": {
    "up_class_index": 2,
    "auto_tune_threshold": true,
    "selection_metric": "sharpe",
    "selected_threshold": 0.45,
    "val_binary_metrics": {
      "accuracy": 0.5561454125793421,
      "balanced_accuracy": 0.5145003221366529,
      "precision": 0.3831932773109244,
      "recall": 0.3617899079657252,
      "f1": 0.3721841332027424,
      "macro_f1": 0.5144569362907678,
      "auc": 0.503944260286876,
      "positive_rate": 0.34333525678015003
    },
    "test_binary_metrics": {
      "accuracy": 0.4773851996777535,
      "balanced_accuracy": 0.4860464515173325,
      "precision": 0.40982253404869995,
      "recall": 0.5415871284428688,
      "f1": 0.46658052390461646,
      "macro_f1": 0.4771706906043105,
      "auc": 0.4832415039492988,
      "positive_rate": 0.5577166532397284
    },
    "val_trading_metrics": {
      "avg_daily_return": 0.0010302441343755585,
      "cumulative_return": 0.4114604778426143,
      "sharpe": 1.3058037056327556,
      "hit_ratio": 0.1712707182320442,
      "avg_return_in_position": 0.0031079031386996017
    },
    "test_trading_metrics": {
      "avg_daily_return": 0.0012075650628431377,
      "cumulative_return": 0.43102086316055255,
      "sharpe": 0.9087030198239191,
      "hit_ratio": 0.29201101928374656,
      "avg_return_in_position": 0.002138273745424678
    },
    "threshold_sweep": [
      {
        "threshold": 0.35,
        "val_binary": {
          "accuracy": 0.4723600692440854,
          "balanced_accuracy": 0.4896048050333665,
          "precision": 0.35514780835881754,
          "recall": 0.5528403681370994,
          "f1": 0.43247269116186693,
          "macro_f1": 0.46974076654276226,
          "auc": 0.503944260286876,
          "positive_rate": 0.566070398153491
        },
        "test_binary": {
          "accuracy": 0.4489584532167108,
          "balanced_accuracy": 0.4939396190440817,
          "precision": 0.4182825484764543,
          "recall": 0.7823834196891192,
          "f1": 0.5451263537906137,
          "macro_f1": 0.4231761366150967,
          "auc": 0.4832415039492988,
          "positive_rate": 0.7893888824951087
        },
        "val_trading": {
          "avg_daily_return": 0.0005991605973395726,
          "cumulative_return": 0.1831773925872886,
          "sharpe": 0.579409116863679,
          "hit_ratio": 0.27071823204419887,
          "avg_return_in_position": 0.001052893865227793
        },
        "test_trading": {
          "avg_daily_return": 0.0006400411945495701,
          "cumulative_return": 0.12810553121810897,
          "sharpe": 0.4076558237779212,
          "hit_ratio": 0.39118457300275483,
          "avg_return_in_position": 0.0008268147815711526
        },
        "selection_score": 0.579409116863679
      },
      {
        "threshold": 0.4,
        "val_binary": {
          "accuracy": 0.5151759953837276,
          "balanced_accuracy": 0.503185998837154,
          "precision": 0.3668864097363083,
          "recall": 0.45921929546175816,
          "f1": 0.40789288231148696,
          "macro_f1": 0.4987192794556946,
          "auc": 0.503944260286876,
          "positive_rate": 0.45516445470282746
        },
        "test_binary": {
          "accuracy": 0.46276901829899875,
          "balanced_accuracy": 0.48947901662464266,
          "precision": 0.41440054728920817,
          "recall": 0.6607581128988274,
          "f1": 0.5093546352743326,
          "macro_f1": 0.4578817937307573,
          "auc": 0.4832415039492988,
          "positive_rate": 0.6729197836344804
        },
        "val_trading": {
          "avg_daily_return": 0.001017604074443772,
          "cumulative_return": 0.39449807456516806,
          "sharpe": 1.1475031939555718,
          "hit_ratio": 0.22375690607734808,
          "avg_return_in_position": 0.0022461748472478384
        },
        "test_trading": {
          "avg_daily_return": 0.0007199980909447952,
          "cumulative_return": 0.1810519905367336,
          "sharpe": 0.4974412565957815,
          "hit_ratio": 0.3305785123966942,
          "avg_return_in_position": 0.0010844784523359361
        },
        "selection_score": 1.1475031939555718
      },
      {
        "threshold": 0.45,
        "val_binary": {
          "accuracy": 0.5561454125793421,
          "balanced_accuracy": 0.5145003221366529,
          "precision": 0.3831932773109244,
          "recall": 0.3617899079657252,
          "f1": 0.3721841332027424,
          "macro_f1": 0.5144569362907678,
          "auc": 0.503944260286876,
          "positive_rate": 0.34333525678015003
        },
        "test_binary": {
          "accuracy": 0.4773851996777535,
          "balanced_accuracy": 0.4860464515173325,
          "precision": 0.40982253404869995,
          "recall": 0.5415871284428688,
          "f1": 0.46658052390461646,
          "macro_f1": 0.4771706906043105,
          "auc": 0.4832415039492988,
          "positive_rate": 0.5577166532397284
        },
        "val_trading": {
          "avg_daily_return": 0.0010302441343755585,
          "cumulative_return": 0.4114604778426143,
          "sharpe": 1.3058037056327556,
          "hit_ratio": 0.1712707182320442,
          "avg_return_in_position": 0.0031079031386996017
        },
        "test_trading": {
          "avg_daily_return": 0.0012075650628431377,
          "cumulative_return": 0.43102086316055255,
          "sharpe": 0.9087030198239191,
          "hit_ratio": 0.29201101928374656,
          "avg_return_in_position": 0.002138273745424678
        },
        "selection_score": 1.3058037056327556
      },
      {
        "threshold": 0.5,
        "val_binary": {
          "accuracy": 0.584997114829775,
          "balanced_accuracy": 0.5185374765735803,
          "precision": 0.39779513091410196,
          "recall": 0.27483338622659476,
          "f1": 0.32507507507507505,
          "macro_f1": 0.5127291722650829,
          "auc": 0.503944260286876,
          "positive_rate": 0.2512406231967686
        },
        "test_binary": {
          "accuracy": 0.49211646909886064,
          "balanced_accuracy": 0.48216160863838053,
          "precision": 0.4022024121657053,
          "recall": 0.41832560676302155,
          "f1": 0.4101056008555006,
          "macro_f1": 0.48210645304975697,
          "auc": 0.4832415039492988,
          "positive_rate": 0.43894579353205204
        },
        "val_trading": {
          "avg_daily_return": 0.0007758767464897386,
          "cumulative_return": 0.2963228467708836,
          "sharpe": 1.1326707486911145,
          "hit_ratio": 0.11878453038674033,
          "avg_return_in_position": 0.0034674985460405594
        },
        "test_trading": {
          "avg_daily_return": 0.001354033521488897,
          "cumulative_return": 0.5414406390762101,
          "sharpe": 1.1867055080933693,
          "hit_ratio": 0.2369146005509642,
          "avg_return_in_position": 0.003015424345401654
        },