{
  "epoch": [
    1,
    2,
    3,
    4,
    5,
    6,
    7,
    8,
    9,
    10,
    11,
    12
  ],
  "train_loss": [
    1.0216105942383864,
    0.9401615925147453,
    0.8756777939577758,
    0.8322399512242645,
    0.7992391453278599,
    0.772747725176909,
    0.7551701307906915,
    0.7357517058336895,
    0.7236974022935377,
    0.7108178382749488,
    0.7026310196481489,
    0.6891227100330048
  ],
  "val_loss": [
    1.1125370517590882,
    1.2391021843403252,
    1.312515391306329,
    1.4132878646873634,
    1.3708134967118197,
    1.4491725082652096,
    1.462668292252704,
    1.4739843843611327,
    1.4833810816618964,
    1.5103110389174959,
    1.5929757708824879,
    1.5393455829482068
  ],
  "train_accuracy": [
    0.46118535971076896,
    0.5554697972945526,
    0.6051306008043222,
    0.6319007190153146,
    0.6530649551123208,
    0.6716496729902101,
    0.6808506316772962,
    0.6923670634114636,
    0.6969980095056262,
    0.705081854003331,
    0.7083519519031564,
    0.7129422756631596
  ],
  "val_accuracy": [
    0.3900333755322822,
    0.3825526527793762,
    0.38071124410173784,
    0.3878467027275866,
    0.40338358844516053,
    0.39854989066635976,
    0.3933709287605018,
    0.3887674070664058,
    0.38243756473702384,
    0.3817470364829094,
    0.3825526527793762,
    0.37058349637472665
  ],
  "train_precision": [
    0.45598153637969424,
    0.5456877909198773,
    0.5871125405669092,
    0.6101323227824754,
    0.6299005604253073,
    0.6475744175870227,
    0.6569948915955895,
    0.6669600747232697,
    0.6715744142839201,
    0.6789819325085897,
    0.6819707968843643,
    0.6855689812512153
  ],
  "val_precision": [
    0.3602081603468172,
    0.359785785092793,
    0.3648171748687219,
    0.3553447097237754,
    0.36643481466116157,
    0.3666239763464338,
    0.37635933588088394,
    0.3703604696341907,
    0.37284852455152545,
    0.3680969215184475,
    0.36863411612675634,
    0.3634655358748953
  ],
  "train_recall": [
    0.42453363221825846,
    0.5122177013690994,
    0.5569420001502668,
    0.581658104078502,
    0.6004537488138713,
    0.6180362101749676,
    0.62727577433307,
    0.6386896033093682,
    0.6428428300423653,
    0.6510009858671747,
    0.6540471373045528,
    0.6592831605084376
  ],
  "val_recall": [
    0.3589102818571572,
    0.35515116430430216,
    0.36560848326858303,
    0.35175804453456677,
    0.35990512374769934,
    0.3644026288595607,
    0.3684725330740884,
    0.36386898244468285,
    0.37145218309873856,
    0.3683286877816487,
    0.36704058101232667,
    0.3645462266492783
  ],
  "train_f1": [
    0.42629594767087503,
    0.5140458766178319,
    0.5570687181276103,
    0.5816429784741605,
    0.600108718077314,
    0.6179315369407065,
    0.6275502141213783,
    0.6392094136231479,
    0.6433164073456054,
    0.6517394710016414,
    0.654786740529801,
    0.6602765317954614
  ],
  "val_f1": [
    0.35023552220033816,
    0.3473302037669758,
    0.36422534752699764,
    0.3454901928267308,
    0.3466784664831138,
    0.35193104015066967,
    0.35954167363719075,
    0.35096298428586786,
    0.36484216434862277,
    0.36591657030516256,
    0.3600081090849116,
    0.35644253162492806
  ],
  "train_auc": [
    0.6246334302685584,
    0.7128101607206485,
    0.7586415409312979,
    0.7841876406022962,
    0.8015060496905123,
    0.8149525590961627,
    0.822964348887281,
    0.8318138673518147,
    0.8374028997460198,
    0.8436374729333433,
    0.8472975710969882,
    0.8521572755904113
  ],
  "val_auc": [
    0.5454260743389251,
    0.5398656947807909,
    0.5483516918576082,
    0.5371372833262605,
    0.5495521793800551,
    0.5471536232218582,
    0.5418797625239774,
    0.5410864937928137,
    0.550445927016369,
    0.5443039684038506,
    0.5415536231380509,
    0.5490203547027143
  ]
}