{
  "epoch": [
    1,
    2,
    3,
    4,
    5,
    6,
    7,
    8,
    9,
    10,
    11,
    12
  ],
  "train_loss": [
    0.009445456637409243,
    0.0061589839778945525,
    0.006103160155972322,
    0.00607297637956384,
    0.0060478420313893845,
    0.006026402495256453,
    0.006020325904608957,
    0.0060204702553884925,
    0.006024191741229143,
    0.006023303776374024,
    0.0060261293081882205,
    0.006017065494536125
  ],
  "val_loss": [
    0.004248155991457029,
    0.00387925759190451,
    0.0037458293908563976,
    0.003747581307749435,
    0.0035896964551519464,
    0.003605656034516091,
    0.0035877084151943336,
    0.0037287517645076293,
    0.003598583866092485,
    0.003582601501874668,
    0.003582015634633919,
    0.004307163459258649
  ],
  "train_mae": [
    0.03730885171723752,
    0.026818179096426576,
    0.026712837179134648,
    0.026595447338876307,
    0.026535400836225895,
    0.02648564655851414,
    0.026458206354731673,
    0.02646125750412287,
    0.02645762251719468,
    0.02647000749953751,
    0.02647118855798481,
    0.026468196399988576
  ],
  "val_mae": [
    0.01858200582157971,
    0.015405110110626953,
    0.01676678322116576,
    0.017607214991516306,
    0.015393784214669083,
    0.015403434174690823,
    0.015381646066067269,
    0.015393396882314876,
    0.015471910173121911,
    0.015398492919687022,
    0.01540670809124759,
    0.015954362775978684
  ]
}