split,H,signal_horizon,pinball,mae_at_signal,coverage_q10_q90
val,24,24,0.007497936302607328,0.0331258699297905,
test,24,24,0.004549784638834963,0.019661597907543182,0.7804622228652031
