{
  "epoch": [
    1,
    2,
    3,
    4,
    5,
    6,
    7,
    8,
    9,
    10,
    11,
    12
  ],
  "train_loss": [
    0.011523378205582397,
    0.006098520391042231,
    0.006026112036036876,
    0.0059922687812752635,
    0.005954067650078346,
    0.005922704846209634,
    0.0059045647061643424,
    0.005902706020387288,
    0.005900011639508775,
    0.005896245135423023,
    0.005891129379540971,
    0.005891991583387437
  ],
  "val_loss": [
    0.008691655122593898,
    0.008562726381505903,
    0.007776141522177912,
    0.007996222234108006,
    0.00760898133577623,
    0.007687186762408695,
    0.00782903333904238,
    0.008131547522288238,
    0.007938679805412418,
    0.007861490331806104,
    0.007497936302607328,
    0.00796494934240986
  ],
  "train_mae": [
    0.051048906236495446,
    0.026355300912822108,
    0.02623435273282977,
    0.026078945690286653,
    0.026100316987108824,
    0.026029900240937046,
    0.026009463747270412,
    0.026005222634053166,
    0.026003280207598248,
    0.025981261979600868,
    0.025976589687991367,
    0.025966773497792594
  ],
  "val_mae": [
    0.03415858952614824,
    0.03347866935039091,
    0.03319747564605398,
    0.03389971976082679,
    0.03317586025159551,
    0.03351329610045489,
    0.03373459210107797,
    0.03379359584749658,
    0.033128060830916115,
    0.0331756738237066,
    0.03312587004943372,
    0.0330969759785921
  ]
}