{
  "epoch": [
    1,
    2,
    3,
    4,
    5,
    6,
    7,
    8,
    9,
    10,
    11,
    12,
    13,
    14,
    15,
    16,
    17,
    18,
    19,
    20
  ],
  "train_loss": [
    1.0907714730242601,
    1.0477043110483613,
    1.0394640699509652,
    1.0243373569577634,
    1.0228449197711882,
    1.0171528267648249,
    1.0264100631962099,
    1.0197915096038972,
    1.006341525789628,
    1.003126423404002,
    1.00786445290679,
    1.0021037646342437,
    0.9903076795635287,
    0.9933319917907969,
    0.9827883844248312,
    0.9798727618308698,
    0.9811035311129255,
    0.9695249543969703,
    0.9655569838867569,
    0.9629049746690523
  ],
  "val_loss": [
    1.014834845985786,
    1.0572438378008608,
    1.0459411766833298,
    1.0815792012992882,
    1.0933267886277829,
    1.078300707594931,
    1.1390433536085247,
    1.0945597977242059,
    1.0993595096760758,
    1.124352440282216,
    1.1637316829019202,
    1.1335906174133368,
    1.2378863140454277,
    1.260351666357114,
    1.2360657602106428,
    1.2169734000805932,
    1.2202465205235014,
    1.2302575284720174,
    1.2490636525946484,
    1.1898539034478388
  ],
  "train_accuracy": [
    0.3971078976640712,
    0.42436040044493883,
    0.43325917686318133,
    0.4521690767519466,
    0.4610678531701891,
    0.4721913236929922,
    0.4582869855394883,
    0.4694104560622914,
    0.4733036707452725,
    0.47052280311457173,
    0.45773081201334814,
    0.4788654060066741,
    0.4911012235817575,
    0.4844271412680756,
    0.4949944382647386,
    0.4949944382647386,
    0.4933259176863181,
    0.4933259176863181,
    0.5133481646273638,
    0.514460511679644
  ],
  "val_accuracy": [
    0.4896142433234421,
    0.34718100890207715,
    0.4065281899109792,
    0.3916913946587537,
    0.37388724035608306,
    0.3857566765578635,
    0.3827893175074184,
    0.3827893175074184,
    0.3916913946587537,
    0.3560830860534125,
    0.3857566765578635,
    0.36795252225519287,
    0.3649851632047478,
    0.35014836795252224,
    0.3560830860534125,
    0.37091988130563797,
    0.3768545994065282,
    0.39465875370919884,
    0.3916913946587537,
    0.39465875370919884
  ],
  "train_precision": [
    0.3815686614902258,
    0.39390359636668887,
    0.4218032047503457,
    0.44582826359030064,
    0.45220716402480926,
    0.4691232019372607,
    0.44964256072818803,
    0.4737872336057351,
    0.4749064492670947,
    0.4600467071974037,
    0.45001882424056366,
    0.47155044706725513,
    0.4842963987242117,
    0.4751911449571369,
    0.49192417054828314,
    0.48370687488115544,
    0.485743359893165,
    0.4927858271416781,
    0.5118616530193315,
    0.5054173411022091
  ],
  "val_precision": [
    0.1632047477744807,
    0.11711711711711713,
    0.3444187242798354,
    0.34656435673684677,
    0.3345838956365272,
    0.3359219998866278,
    0.3635622124497468,
    0.34012422360248445,
    0.3617584745762712,
    0.3273202614379085,
    0.34759021258263517,
    0.3303085238101275,
    0.33803845862669385,
    0.32677375534518394,
    0.3276263670024972,
    0.3265705292585553,
    0.3504904670889475,
    0.37419670475348776,
    0.3618832369839622,
    0.3465690624075717
  ],
  "train_recall": [
    0.3661893057352306,
    0.35638313928417426,
    0.38560172488141436,
    0.4087780077619663,
    0.420120482966796,
    0.4350758947822337,
    0.42428270806382057,
    0.43129866321690385,
    0.4332960758947822,
    0.43846744286330314,
    0.433099396291505,
    0.43355476498490725,
    0.45864726175075465,
    0.4486796463993101,
    0.4669439844760673,
    0.47139961190168184,
    0.46025735230702886,
    0.4760665373005606,
    0.4793362225097025,
    0.4913106511427339
  ],
  "val_recall": [
    0.3333333333333333,
    0.3305084745762712,
    0.3334817097528962,
    0.3513572637866423,
    0.33482470657611896,
    0.3432935760619376,
    0.3641632901519907,
    0.34703532500142664,
    0.3731838155566969,
    0.3346154577792995,
    0.33688485609389557,
    0.33773897163727673,
    0.3455040042610664,
    0.33807567197397703,
    0.3447887538283019,
    0.31793262188742416,
    0.3593467633015656,
    0.38794917156499076,
    0.3719910974148262,
    0.3544408301470448
  ],
  "train_f1": [
    0.36617352652982743,
    0.3126018879280147,
    0.38096339973021487,
    0.40615011411401003,
    0.4082177208570216,
    0.43570992869376785,
    0.4237231296206237,
    0.43220550777206546,
    0.4310468222299244,
    0.43422674119172483,
    0.437487774457814,
    0.43283647800859787,
    0.46185705225044343,
    0.4469259967442613,
    0.47281305267405,
    0.4715340273755779,
    0.46223286429491206,
    0.4816388102619453,
    0.4840752943304442,
    0.49545282000569185
  ],
  "val_f1": [
    0.21912350597609562,
    0.1729490022172949,
    0.3219891702500398,
    0.34700537774308265,
    0.33403841629648084,
    0.33673491439858577,
    0.3140229809264588,
    0.34058913888135905,
    0.35083606452027505,
    0.3260892584633592,
    0.33656017262904125,
    0.331944098519441,
    0.3398780634347867,
    0.3254326133636478,
    0.32483500825472506,
    0.3195285587194563,
    0.3520736513577547,
    0.37758769857060104,
    0.36444323919014127,
    0.3426765458790322
  ],
  "train_auc": [
    0.5389551230394574,
    0.580481437068313,
    0.5962712026512441,
    0.6166750724606272,
    0.6189614549520841,
    0.6296979355857989,
    0.6205955652789289,
    0.6261587011208626,
    0.6438731542900394,
    0.6471511329269303,
    0.6433355626568774,
    0.6520619450750913,
    0.6627780520893783,
    0.6603956058485366,
    0.6697664896514013,
    0.6723339915116168,
    0.6732632148144528,
    0.6795260741442983,
    0.6838876380231232,
    0.6895383251760894
  ],
  "val_auc": [
    0.5094711535106365,
    0.5191548881408578,
    0.5140839176960051,
    0.5221879986260181,
    0.503769156160964,
    0.5133562652214004,
    0.5173139587409591,
    0.5099188293716334,
    0.5158911271390957,
    0.50718189157812,
    0.5012336012186109,
    0.5071585626912979,
    0.4927898612303782,
    0.49471128863528463,
    0.5076100754513072,
    0.5005249005787803,
    0.5005366338598719,
    0.5097389320118783,
    0.5107554075937702,
    0.5133620782328395
  ]
}