{
  "task_type": "regression",
  "up_threshold": 0.0,
  "forecast_horizons": [
    1,
    3,
    7
  ],
  "val": {
    "avg_loss_mse": 0.00739970482134147,
    "aggregate": {
      "mse": 0.007399704899882154,
      "mae": 0.05865239506587545,
      "rmse": 0.0860215374187311,
      "r2": -0.28592497665978156,
      "direction_accuracy": 0.4589515331355094,
      "direction_f1": 0.5655281969817315
    },
    "per_horizon": {
      "1": {
        "mse": 0.0022472436485304996,
        "mae": 0.034350517549094656,
        "rmse": 0.047405101503219034,
        "r2": -0.38727250778363587,
        "direction_accuracy": 0.5341246290801187,
        "direction_f1": 0.6802443991853361
      },
      "3": {
        "mse": 0.005612575950521683,
        "mae": 0.05311138156083755,
        "rmse": 0.07491712721749068,
        "r2": -0.30957977500790235,
        "direction_accuracy": 0.4540059347181009,
        "direction_f1": 0.49171270718232046
      },
      "7": {
        "mse": 0.01433929510059428,
        "mae": 0.08849528608769414,
        "rmse": 0.11974679578424752,
        "r2": -0.3116997031246558,
        "direction_accuracy": 0.3887240356083086,
        "direction_f1": 0.49261083743842365
      }
    }
  },
  "test": {
    "avg_loss_mse": 0.011722151205651255,
    "aggregate": {
      "mse": 0.011722150849379323,
      "mae": 0.07279025034869878,
      "rmse": 0.10826888218402979,
      "r2": -2.1175848255927034,
      "direction_accuracy": 0.4864990689013035,
      "direction_f1": 0.4219077568134172
    },
    "per_horizon": {
      "1": {
        "mse": 0.0022761293197917257,
        "mae": 0.03548117904095029,
        "rmse": 0.04770879709017747,
        "r2": -1.2317455963161201,
        "direction_accuracy": 0.4937150837988827,
        "direction_f1": 0.4905130007027407
      },
      "3": {
        "mse": 0.004369345361437144,
        "mae": 0.05134279555873341,
        "rmse": 0.0661010239061177,
        "r2": -0.4812260328251099,
        "direction_accuracy": 0.49162011173184356,
        "direction_f1": 0.5020519835841313
      },
      "7": {
        "mse": 0.0285209778669091,
        "mae": 0.13154677644641263,
        "rmse": 0.16888154981201794,
        "r2": -2.9165077024662382,
        "direction_accuracy": 0.47416201117318435,
        "direction_f1": 0.19119226638023631
      }
    }
  }
}