{
  "epoch": [
    1,
    2,
    3,
    4,
    5,
    6,
    7,
    8,
    9,
    10,
    11,
    12
  ],
  "train_loss": [
    1.0336688348037018,
    1.013663062657747,
    0.9990959342587423,
    0.9821465763054152,
    0.9599562310042232,
    0.9346266122334435,
    0.902490352932481,
    0.8659947315553223,
    0.8260299047215258,
    0.7864602426730652,
    0.7484662780866512,
    0.711664840664383
  ],
  "val_loss": [
    1.0682167919503351,
    1.0523585218982079,
    1.0683577033809117,
    1.091468675739678,
    1.1287861216094335,
    1.2156041301233829,
    1.3387843079720065,
    1.4255529338628352,
    1.5218053180447848,
    1.6638486475208603,
    1.7858219576288057,
    1.879507710640361
  ],
  "train_accuracy": [
    0.43140918877198686,
    0.46116504854368934,
    0.4845635130194581,
    0.5072104643132794,
    0.5330462688386075,
    0.5537230369257018,
    0.5817118251614738,
    0.6054149571434375,
    0.6327944103668197,
    0.6577365235406426,
    0.6783320469594183,
    0.6999837510663363
  ],
  "val_accuracy": [
    0.40418920474162734,
    0.4154678328921625,
    0.40787202209690415,
    0.40246288410634135,
    0.42789734146622166,
    0.41224536770629533,
    0.4099436068592473,
    0.40119691564046495,
    0.3846242375417194,
    0.3963632178616642,
    0.385084589711129,
    0.40361376452986536
  ],
  "train_precision": [
    0.43321421173543456,
    0.466346323212994,
    0.4917769642123528,
    0.5125259600385565,
    0.5363726157348716,
    0.5534753377918072,
    0.577424857852443,
    0.5949838643705306,
    0.6192561399960691,
    0.6396081830883832,
    0.656584203684676,
    0.6740574185063041
  ],
  "val_precision": [
    0.4412542290133392,
    0.4127981198511337,
    0.4324640015984986,
    0.4136488139732282,
    0.42962568643715504,
    0.42470813600675356,
    0.416400129008363,
    0.4104333017146964,
    0.38985203859542295,
    0.4074292227189358,
    0.3905802486767979,
    0.42231972131831186
  ],
  "train_recall": [
    0.3973779612782599,
    0.43062947363101506,
    0.45279112190514087,
    0.4727726508196066,
    0.49433753189119173,
    0.5129016326867931,
    0.5374530103216018,
    0.5579460076112847,
    0.5831364087362064,
    0.6053506449241097,
    0.6251427489799415,
    0.6461260758283367
  ],
  "val_recall": [
    0.35639350891685534,
    0.36252787484720966,
    0.35879653477548157,
    0.37806104307664645,
    0.4033981622460781,
    0.38292526341622674,
    0.3664524252558717,
    0.3613868152409842,
    0.35232329689039815,
    0.36431867452642885,
    0.3494890492322742,
    0.363404741745654
  ],
  "train_f1": [
    0.39863502623420777,
    0.4358851977630714,
    0.45886150495110245,
    0.47828058136481805,
    0.4987949234983892,
    0.516883311228873,
    0.5404560598556247,
    0.5596827740973764,
    0.5846441576049881,
    0.6060014692127241,
    0.6258619803451576,
    0.6468487380971635
  ],
  "val_f1": [
    0.3179683466595756,
    0.34944611791672814,
    0.33499405559340784,
    0.346079591676648,
    0.3995592239524027,
    0.3669400138693801,
    0.35321829609868755,
    0.34055249548613026,
    0.3342463788166508,
    0.3495474823454198,
    0.3324154627923715,
    0.34105603330791695
  ],
  "train_auc": [
    0.5999487096330787,
    0.6292384577796847,
    0.6490192191193067,
    0.6699132849615012,
    0.6928509719112318,
    0.7147099768157436,
    0.740149576135153,
    0.7646327052752189,
    0.7881681996052173,
    0.8097557069509623,
    0.8274445155944651,
    0.8433692860152511
  ],
  "val_auc": [
    0.5636608699640925,
    0.5710952439207749,
    0.5674054402804298,
    0.5727038884471677,
    0.5674672317620645,
    0.5610228932860473,
    0.5382818849815297,
    0.5391898739119457,
    0.5328126918541596,
    0.5294685630868718,
    0.5256904372066257,
    0.5341276138513819
  ]
}