split,H,signal_horizon,pinball,mae_at_signal,coverage_q10_q90
val,24,24,0.0036056924092856793,0.01538083329796791,
test,24,24,0.004436278422790339,0.019439570605754852,0.7690709751875361
