{
  "epoch": [
    1,
    2,
    3,
    4,
    5,
    6,
    7,
    8,
    9,
    10,
    11,
    12
  ],
  "train_loss": [
    0.009291319989985097,
    0.006109850329918485,
    0.006061924413329736,
    0.006036150228946135,
    0.006005571232371324,
    0.0059960758598472785,
    0.005989233899571635,
    0.00598215182049705,
    0.00597922521650472,
    0.005995882219068712,
    0.005982162848501917,
    0.005984668626035758
  ],
  "val_loss": [
    0.003967429853826175,
    0.004232348468071247,
    0.0037916546558471736,
    0.0038347543892103043,
    0.0038071947585672362,
    0.0036056924092856793,
    0.0037953902837346014,
    0.003685835710164177,
    0.003939857018821371,
    0.003708040028904916,
    0.0036685317561820194,
    0.003766871780785875
  ],
  "train_mae": [
    0.0332332823205538,
    0.02674595114300392,
    0.026616752125656975,
    0.0266055170697282,
    0.026542348065382745,
    0.026504071986880134,
    0.0265009253448357,
    0.02646978428939264,
    0.02645722403544543,
    0.02647816230202035,
    0.02647410382922335,
    0.026461663680888967
  ],
  "val_mae": [
    0.015527482889560313,
    0.016090130173637748,
    0.01674133590023248,
    0.016209666455922672,
    0.015353664640335505,
    0.015380833525867643,
    0.015686132219279357,
    0.015378438704315702,
    0.015506820678202218,
    0.015481798506132028,
    0.015382591555892111,
    0.016032945523203408
  ]
}