{
  "epoch": [
    1,
    2,
    3,
    4,
    5,
    6,
    7,
    8,
    9,
    10,
    11,
    12
  ],
  "train_loss": [
    1.0026054457359679,
    0.8824692388773497,
    0.7762562896310738,
    0.7064003014310763,
    0.6530074628138323,
    0.6134818863795106,
    0.5841033451482197,
    0.5577031200275049,
    0.5357883609236607,
    0.5166507627711044,
    0.50186031215898,
    0.48815429100252483
  ],
  "val_loss": [
    1.1251973433850728,
    1.3458558914507475,
    1.5152909324638093,
    1.7092062964073353,
    1.781932623233547,
    1.8230791258337253,
    1.80410040973835,
    2.0184868771978564,
    2.1207230094387666,
    1.9937527030449165,
    2.0922419373604133,
    2.1482546857427103
  ],
  "train_accuracy": [
    0.48586342771255636,
    0.604724377462729,
    0.67045131413251,
    0.7067473697038632,
    0.7304708128529065,
    0.7490149083966364,
    0.7622984116667344,
    0.7733476865580696,
    0.7837470041028558,
    0.7890279075435674,
    0.797010196205874,
    0.8014989641304789
  ],
  "val_accuracy": [
    0.39866497870871215,
    0.3901484635746346,
    0.3818621245252618,
    0.36920243986649787,
    0.37679825066175626,
    0.37449648981470823,
    0.3907239037863966,
    0.3672459431465071,
    0.38335826907584303,
    0.3863505581770054,
    0.37817930716998505,
    0.3863505581770054
  ],
  "train_precision": [
    0.48149996588608407,
    0.5946241727252323,
    0.6499761221884718,
    0.6832527581785305,
    0.7021708955580802,
    0.720215855081486,
    0.7326324133552253,
    0.7440413167120458,
    0.7545010044310733,
    0.7595939271519448,
    0.7682203044572322,
    0.7724557209954862
  ],
  "val_precision": [
    0.37343591505836193,
    0.3494849048687838,
    0.3557149139691807,
    0.35257647577326484,
    0.3537040900828558,
    0.34339315670470966,
    0.3657168915301641,
    0.35730713506431666,
    0.36522211548477923,
    0.3622870841516849,
    0.35979310283980914,
    0.36256877795560283
  ],
  "train_recall": [
    0.4458169601736534,
    0.5569972738494946,
    0.6189243173256899,
    0.6548470324444547,
    0.67842524745976,
    0.6976583912125193,
    0.7136541453956639,
    0.7268877317115298,
    0.7393195066324699,
    0.7458089991241268,
    0.7552844036008475,
    0.7607935269481984
  ],
  "val_recall": [
    0.3618719409402739,
    0.3458190350090525,
    0.34246059851633004,
    0.3526862314357147,
    0.3533128942295904,
    0.34157982718412233,
    0.3633472396575554,
    0.35930137845270355,
    0.3656840475727332,
    0.3618063080744626,
    0.35972461515647064,
    0.3598554164288712
  ],
  "train_f1": [
    0.44718385715109377,
    0.5585580607927448,
    0.6201429155678982,
    0.656640345359696,
    0.6802217317470944,
    0.700035688575546,
    0.716490830511464,
    0.7302102463318164,
    0.7427626441306664,
    0.749225463193112,
    0.7587844868830128,
    0.7641671811935113
  ],
  "val_f1": [
    0.36017302699731735,
    0.33513101424675534,
    0.33808707836604607,
    0.3521729391142902,
    0.35339064200440506,
    0.3397960377448164,
    0.3632375991453019,
    0.3563301745455117,
    0.3652811721138359,
    0.3611976042613166,
    0.359325416462696,
    0.35968015799889713
  ],
  "train_auc": [
    0.6500503016825853,
    0.7546610430923621,
    0.8141667609703916,
    0.8447700869416308,
    0.8667085062974035,
    0.8811340143693265,
    0.8918767199453347,
    0.9017271054688215,
    0.9081301236841304,
    0.9143400718914124,
    0.9193396703733394,
    0.9232965469491382
  ],
  "val_auc": [
    0.5362386729604026,
    0.5195766666645507,
    0.5127572111856292,
    0.518411357354161,
    0.516216677437432,
    0.5121653506494477,
    0.5254151071792658,
    0.5157404425591291,
    0.5245745164665244,
    0.5226179271568997,
    0.5201796925850097,
    0.5223656645308462
  ]
}