{
  "epoch": [
    1,
    2,
    3,
    4,
    5,
    6,
    7,
    8,
    9,
    10,
    11,
    12
  ],
  "train_loss": [
    0.010935028580814833,
    0.006163114860537422,
    0.006033210252700268,
    0.005995361690245213,
    0.00597374506834238,
    0.005949217610095841,
    0.005937042547992033,
    0.005924401889952591,
    0.005920011861793192,
    0.005924112015923703,
    0.005919562316609738,
    0.005917224586178656
  ],
  "val_loss": [
    0.007739995911126206,
    0.007718559620561699,
    0.008003848752984537,
    0.007691960677222171,
    0.008040865448713448,
    0.007913611203359934,
    0.007581521430523474,
    0.007829181359899427,
    0.007680991290222038,
    0.0077621102571446944,
    0.007495287828472083,
    0.007562488031812231
  ],
  "train_mae": [
    0.04110479773867302,
    0.026417334843774093,
    0.026333871245678635,
    0.02626517430406518,
    0.02622938339031684,
    0.026092657714435745,
    0.026118755857298444,
    0.02604669677538106,
    0.026001971160913795,
    0.02601674175574725,
    0.026003215538512935,
    0.025987136351272748
  ],
  "val_mae": [
    0.0340577257757933,
    0.033232820437907325,
    0.03314512279998032,
    0.03368339360941664,
    0.033190244014242684,
    0.03311135450029512,
    0.033192054080088206,
    0.03332761726895589,
    0.03315588321614119,
    0.033344589472772086,
    0.03315599733176974,
    0.03316045172047454
  ]
}