split,H,signal_horizon,pinball,mae_at_signal,coverage_q10_q90
val,24,24,0.007495287828472083,0.03315600007772446,
test,24,24,0.004650582340908558,0.019662849605083466,0.7269702340048465
