{
  "epoch": [
    1,
    2,
    3,
    4,
    5,
    6,
    7,
    8,
    9,
    10,
    11,
    12,
    13,
    14,
    15,
    16,
    17,
    18,
    19,
    20
  ],
  "train_loss": [
    0.04890983086597336,
    0.009062818231867073,
    0.007212329908658453,
    0.006763939181388303,
    0.005851664302769108,
    0.005563699560047224,
    0.005970526198122042,
    0.005253500788906657,
    0.004869097185935473,
    0.0046747679647588655,
    0.004820074398149307,
    0.004685859927789487,
    0.004456368574636415,
    0.004310520700188364,
    0.004264227818030536,
    0.004383376460766898,
    0.004211146835376559,
    0.004012246342692876,
    0.003918728963922589,
    0.003825274939432293
  ],
  "val_loss": [
    0.01130803568338428,
    0.007992270764637772,
    0.011998551673855554,
    0.00739970482134147,
    0.009898380821333087,
    0.012827516049809909,
    0.00791769282953145,
    0.00855725211608127,
    0.010034358764526045,
    0.011820654321229777,
    0.008129115722167032,
    0.011267298572760308,
    0.009170017263213676,
    0.0157501011954217,
    0.009492714148711202,
    0.009729847798361623,
    0.011200720836748355,
    0.010158247626676758,
    0.01146429285230198,
    0.009889681594175472
  ],
  "train_mse": [
    0.04890983147560183,
    0.009062818166206365,
    0.007212329809443801,
    0.006763939152931393,
    0.005851664313087218,
    0.005563699609291284,
    0.005970526092742075,
    0.005253500842892227,
    0.004869097104985817,
    0.004674767942207648,
    0.00482007445305437,
    0.00468585998516622,
    0.004456368626943388,
    0.004310520663695581,
    0.004264227859446218,
    0.0043833764958774255,
    0.004211146847677147,
    0.004012246317034678,
    0.003918728926059483,
    0.0038252749227417823
  ],
  "val_mse": [
    0.01130803617358307,
    0.007992270740413844,
    0.011998551682070343,
    0.007399704899882154,
    0.009898380835620096,
    0.012827516108833592,
    0.00791769279610542,
    0.008557252084953487,
    0.010034358905232542,
    0.011820654245979641,
    0.008129115860197761,
    0.011267298765415821,
    0.009170017079310602,
    0.015750101244770373,
    0.009492714021309896,
    0.009729847811649137,
    0.011200721003669627,
    0.01015824721920892,
    0.011464292804330038,
    0.009889681781734862
  ],
  "train_mae": [
    0.15452729705859355,
    0.07169694294705478,
    0.06286433642214019,
    0.059023975654042146,
    0.05503192744007243,
    0.0536221041437456,
    0.05673256786973343,
    0.05182616387583663,
    0.04996598650881499,
    0.04859002732436416,
    0.04950599000235965,
    0.049027571995457674,
    0.046980399356235304,
    0.046777087756921194,
    0.04659713178255778,
    0.046737841491101204,
    0.04597510010306179,
    0.04501118663614637,
    0.04438535291321456,
    0.04392184559938725
  ],
  "val_mae": [
    0.08297588132255783,
    0.06083632454720026,
    0.07780156341141445,
    0.05865239506587545,
    0.07328165142488148,
    0.0807314742368507,
    0.0579762528633874,
    0.062289542804653826,
    0.06995625663638452,
    0.07458439874736765,
    0.06089492702388393,
    0.07886807958824643,
    0.0619636696142678,
    0.08733456327713301,
    0.06702466477637828,
    0.06825489701009808,
    0.07467911876170892,
    0.06252759697788961,
    0.06944200227673313,
    0.06493412447900003
  ],
  "train_rmse": [
    0.22115567249248172,
    0.09519883489941652,
    0.08492543676333847,
    0.08224317085893146,
    0.0764961718851814,
    0.07459021121629356,
    0.07726917944913143,
    0.07248103781605383,
    0.06977891590577928,
    0.06837227466018406,
    0.06942675603147802,
    0.06845334166544552,
    0.066756038130969,
    0.06565455554411728,
    0.06530105557681451,
    0.0662070728538683,
    0.06489334979546939,
    0.06334229485134461,
    0.0625997518050949,
    0.06184880696296237
  ],
  "val_rmse": [
    0.10633925039035713,
    0.08939950078391849,
    0.10953790066488558,
    0.0860215374187311,
    0.09949060677079066,
    0.11325862487613732,
    0.08898141826305883,
    0.09250541651683693,
    0.1001716472123352,
    0.10872283222019026,
    0.09016160968060498,
    0.1061475330161555,
    0.0957602061365294,
    0.1254994073482834,
    0.09743055999690188,
    0.09863999093496074,
    0.10583345880991336,
    0.10078813034881101,
    0.1070714378549669,
    0.09944687919555274
  ],
  "train_r2": [
    -7.722847467594676,
    -0.6163126738598412,
    -0.28628643599288384,
    -0.2063179882462698,
    -0.043617892245025436,
    0.007739311643849778,
    -0.06481635362539984,
    0.06306186014383353,
    0.13161853005187674,
    0.16627625824840386,
    0.14036149853804514,
    0.1642980425009236,
    0.20522678939115724,
    0.23123811469095124,
    0.23949422717655333,
    0.21824460618614416,
    0.24896098580397097,
    0.2844339968055193,
    0.30111240097158076,
    0.31777950023531554
  ],
  "val_r2": [
    -0.9651170349799163,
    -0.3889014094993173,
    -1.085115217495121,
    -0.28592497665978156,
    -0.7201463189724111,
    -1.229173132717429,
    -0.3759412114114622,
    -0.48708419274813597,
    -0.743776666176583,
    -1.0542000986562043,
    -0.41268243318134834,
    -0.9580376647407753,
    -0.5935708461657816,
    -1.737061659836339,
    -0.6496493064858997,
    -0.6908585530616775,
    -0.9464677429833688,
    -0.7653060486876384,
    -0.9922714022100785,
    -0.7186345923811912
  ],
  "train_direction_accuracy": [
    0.5048201705598814,
    0.5311457174638488,
    0.5352243233222098,
    0.5509825732295143,
    0.5452354467927326,
    0.5546903967371153,
    0.5558027437893956,
    0.5628476084538376,
    0.57119021134594,
    0.5736002966258806,
    0.5710048201705599,
    0.5693362995921394,
    0.5758249907304412,
    0.5771227289581016,
    0.5876900259547646,
    0.5908416759362254,
    0.5901001112347052,
    0.5947348906192065,
    0.5947348906192065,
    0.6091954022988506
  ],
  "val_direction_accuracy": [
    0.41938674579624136,
    0.41641938674579626,
    0.42828882294757664,
    0.4589515331355094,
    0.42729970326409494,
    0.42828882294757664,
    0.44411473788328387,
    0.4085064292779426,
    0.43224530168150344,
    0.43026706231454004,
    0.42235410484668645,
    0.39861523244312563,
    0.4411473788328388,
    0.4401582591493571,
    0.44807121661721067,
    0.4352126607319486,
    0.42828882294757664,
    0.47477744807121663,
    0.44708209693372897,
    0.4619188921859545
  ],
  "train_direction_f1": [
    0.5502609866980973,
    0.5777258306895976,
    0.5841764803449991,
    0.6017757316672148,
    0.6106967148071735,
    0.6127055788455337,
    0.604750907291323,
    0.6210221793635486,
    0.6366064414768264,
    0.6358454718176061,
    0.6319974554707379,
    0.6346909891492373,
    0.6414916953932936,
    0.6440942424715245,
    0.6433611289288005,
    0.6518378293106168,
    0.6488804192472606,
    0.6440898730055357,
    0.655748031496063,
    0.6641172721478649
  ],
  "val_direction_f1": [
    0.4124124124124124,
    0.375,
    0.2394736842105263,
    0.5655281969817315,
    0.29818181818181816,
    0.24146981627296588,
    0.5269360269360269,
    0.34285714285714286,
    0.2965686274509804,
    0.24210526315789474,
    0.3452914798206278,
    0.14366197183098592,
    0.4821264894592117,
    0.2995049504950495,
    0.4088983050847458,
    0.3161676646706587,
    0.2775,
    0.5069637883008357,
    0.47412982126058323,
    0.4697855750487329
  ]
}