{
  "epoch": [
    1,
    2,
    3,
    4,
    5,
    6,
    7,
    8,
    9,
    10,
    11,
    12
  ],
  "train_loss": [
    1.003635138356411,
    0.9478893287480729,
    0.9021206123103628,
    0.8638637800125857,
    0.8335339823865752,
    0.8138010082810948,
    0.7896621044461133,
    0.7730485232963971,
    0.7564600012144538,
    0.7467911367788136,
    0.7327508619579385,
    0.7223724046902595
  ],
  "val_loss": [
    1.161815719266056,
    1.2075258993510902,
    1.2912303223612676,
    1.3260501413625991,
    1.4138312140710767,
    1.406264647444204,
    1.4672143549019383,
    1.5141829989510882,
    1.603159367480996,
    1.6029921400842815,
    1.5568646516403708,
    1.6149297243311993
  ],
  "train_accuracy": [
    0.47250828260408334,
    0.541364059210419,
    0.5834870171201019,
    0.6107257682829305,
    0.6317301258303004,
    0.6448843699508756,
    0.6600133827297504,
    0.6685489530462031,
    0.6808055750493692,
    0.6849346367894505,
    0.6905162143195208,
    0.6967832487392489
  ],
  "val_accuracy": [
    0.36826312752452395,
    0.34206578188113096,
    0.3345643392960185,
    0.34206578188113096,
    0.32533179457587996,
    0.34518176572417775,
    0.33779572994806695,
    0.3512983266012695,
    0.3346797461050202,
    0.358799769186382,
    0.3470282746682054,
    0.34206578188113096
  ],
  "train_precision": [
    0.4559261359101257,
    0.5217567845676618,
    0.5579410894362299,
    0.5817365864944554,
    0.6029502049056502,
    0.6151972628295462,
    0.6304342417670957,
    0.6366249989491312,
    0.6489737492384512,
    0.6528755677770155,
    0.6570479182939301,
    0.6618674544859885
  ],
  "val_precision": [
    0.3779034163674703,
    0.36047827328019677,
    0.37195456203136046,
    0.3579934203169857,
    0.33349274620615516,
    0.35686531126167903,
    0.3406978300822376,
    0.35513643354704705,
    0.3305554828926142,
    0.3634314908256593,
    0.34942050693445426,
    0.3463401157438853
  ],
  "train_recall": [
    0.4180702777362903,
    0.48608724060912206,
    0.5228284747751308,
    0.545883647689604,
    0.5655327598821472,
    0.5769852680222894,
    0.5907765859948045,
    0.5995929227944563,
    0.6103514583925954,
    0.6147749421940764,
    0.6194441212592674,
    0.6259765649803556
  ],
  "val_recall": [
    0.3637298191765235,
    0.34231216105505285,
    0.325050674639561,
    0.3375159105932948,
    0.318280113539492,
    0.3363539592828903,
    0.33293682441244005,
    0.35039898383534523,
    0.3290401033532396,
    0.3556348971324772,
    0.343164584284471,
    0.3361745080000193
  ],
  "train_f1": [
    0.4181510742460319,
    0.48857995479844507,
    0.5244179440765315,
    0.5464286134447068,
    0.5667467973308561,
    0.5778333707954785,
    0.5917069171175582,
    0.6006960665948747,
    0.6113230413397135,
    0.6159474396774529,
    0.6203627289287152,
    0.6271261401076226
  ],
  "val_f1": [
    0.36264247092632124,
    0.3216106394234543,
    0.2938890342542842,
    0.320737924506856,
    0.2996427244450379,
    0.3179189989784968,
    0.322898322186928,
    0.3339121068342037,
    0.31874582501118326,
    0.34363087727373287,
    0.33727476590282063,
    0.3100395949036328
  ],
  "train_auc": [
    0.6313554910405573,
    0.69678120232568,
    0.7337711031489681,
    0.7598358015650151,
    0.7778225169087939,
    0.7885947425286481,
    0.8005709314997255,
    0.809137121796247,
    0.8169426352582206,
    0.8222634154864273,
    0.8288655522362686,
    0.8331892362767306
  ],
  "val_auc": [
    0.5356250650073152,
    0.5099497120300628,
    0.5024768437602299,
    0.5117087755873078,
    0.49628306396899974,
    0.5035116193068484,
    0.4977653042519558,
    0.5144471505162779,
    0.4975266936439841,
    0.5162073417779897,
    0.5019184108779718,
    0.499829631934767
  ]
}