{
  "epoch": [
    1,
    2,
    3,
    4,
    5,
    6,
    7,
    8,
    9,
    10,
    11,
    12
  ],
  "train_loss": [
    0.009616127149612014,
    0.006109681017650854,
    0.0060136985420110225,
    0.005971500641231051,
    0.0059511858717166966,
    0.005932479024568249,
    0.005916510152432717,
    0.0059011100500938095,
    0.005904127991366177,
    0.005905539881969264,
    0.005902541563929125,
    0.005904397171777609
  ],
  "val_loss": [
    0.008709033907728158,
    0.007729067467314742,
    0.007465198305064178,
    0.007636516669748085,
    0.00814964597750084,
    0.007344883462596724,
    0.007641969919472005,
    0.007413905910910911,
    0.007321423373705996,
    0.007571273222563495,
    0.00729698041610669,
    0.007394847751904084
  ],
  "train_mae": [
    0.03575679190112187,
    0.02637879266543008,
    0.026185481969344056,
    0.02611103516768296,
    0.02611884787675652,
    0.02604656887586304,
    0.026011884150134536,
    0.02599707402943346,
    0.025986059933969668,
    0.025991546990287145,
    0.025979055644794673,
    0.02598682469967461
  ],
  "val_mae": [
    0.03233915669723919,
    0.03183554702745262,
    0.03374741399226786,
    0.03253139031473485,
    0.03182262225325958,
    0.03173046210191617,
    0.03186687637763282,
    0.03202835939817683,
    0.03191163409736274,
    0.0320321585098815,
    0.031788370695006944,
    0.03190792578987854
  ]
}