split,H,signal_horizon,pinball,mae_at_signal,coverage_q10_q90
val,24,24,0.00729698041610669,0.03178837150335312,
test,24,24,0.005643307306623663,0.023699553683400154,0.9018632102765883
