split,H,signal_horizon,pinball,mae_at_signal,coverage_q10_q90
val,24,24,0.007885854070925985,0.033863432705402374,
test,24,24,0.0053576885708194605,0.021279001608490944,0.9558031031863721
