{
  "epoch": [
    1,
    2,
    3,
    4,
    5,
    6,
    7,
    8,
    9,
    10,
    11,
    12
  ],
  "train_loss": [
    0.010553476798320804,
    0.0060660136785661385,
    0.005991382321330516,
    0.0059596738681491415,
    0.005931240892031232,
    0.005915973374180966,
    0.00589362764576642,
    0.005890707821752019,
    0.0058878213604217225,
    0.005890986317604148,
    0.005892838603442962,
    0.005892727111582237
  ],
  "val_loss": [
    0.008126512905345315,
    0.008048815477156192,
    0.008003965553578305,
    0.008021145703610236,
    0.008068230289963792,
    0.00795735916665471,
    0.00839644216225008,
    0.0081178356702736,
    0.008009937977901288,
    0.00802129734127414,
    0.008194105321653286,
    0.007885854070925985
  ],
  "train_mae": [
    0.041653596505319294,
    0.026473261257461696,
    0.02626123131221113,
    0.02616292274377494,
    0.026124684125092668,
    0.02607342087848552,
    0.02604077690480298,
    0.026007691700390675,
    0.02599208429174629,
    0.02598069520456903,
    0.025990669534997925,
    0.025980410785653132
  ],
  "val_mae": [
    0.03356396297626929,
    0.03321911250310525,
    0.03749672563167042,
    0.03317038653078697,
    0.03378152284110441,
    0.033991647553349234,
    0.034486700999862605,
    0.03470989683754841,
    0.03320349415514286,
    0.03352985593794082,
    0.03333270552135891,
    0.033863431357923815
  ]
}