{
  "epoch": [
    1,
    2,
    3,
    4,
    5,
    6,
    7,
    8,
    9,
    10,
    11,
    12
  ],
  "train_loss": [
    0.9822806352469643,
    0.859577911888024,
    0.7814482754865517,
    0.732560627953928,
    0.6969317698728507,
    0.6757848513528517,
    0.6557949646183115,
    0.6392777717979456,
    0.6257833123767409,
    0.6187678691975984,
    0.6074172059367426,
    0.601905124040153
  ],
  "val_loss": [
    1.2808207788566461,
    1.4724334347819017,
    1.5869656793381943,
    1.715285687617188,
    1.6635126975115089,
    1.6940451028370402,
    1.7480016790919406,
    1.6108713241787365,
    1.7048553220536484,
    1.76454828767782,
    1.7414757491121111,
    1.7529009028383575
  ],
  "train_accuracy": [
    0.5012321903611705,
    0.6089468444502473,
    0.6620860738008585,
    0.6918381668924323,
    0.7111941638241966,
    0.7219166680267002,
    0.7315946664925824,
    0.7398854307770143,
    0.7466420772607837,
    0.7483557194849281,
    0.7535945685701696,
    0.7557815024562206
  ],
  "val_accuracy": [
    0.3284477784189267,
    0.34414310444316215,
    0.33167916907097517,
    0.3331794575879977,
    0.349798038084247,
    0.36191575302942874,
    0.3584535487593768,
    0.3656087709174841,
    0.36780150028851705,
    0.36341604154645124,
    0.3703404500865551,
    0.3750721292556261
  ],
  "train_precision": [
    0.4800240190783467,
    0.579345480908864,
    0.6298758602816291,
    0.6572755579314435,
    0.6745112834890343,
    0.6868272846994516,
    0.6949486669483189,
    0.7029300431039557,
    0.7110481084831056,
    0.7118098058940824,
    0.7177196559636699,
    0.7185712465606823
  ],
  "val_precision": [
    0.2974458625077607,
    0.3246694769813368,
    0.3146013543347611,
    0.3065605432343311,
    0.3333843487480155,
    0.3515731901150117,
    0.3511495518378324,
    0.3496418259578767,
    0.3615899762493347,
    0.35771119276685365,
    0.36151186745642594,
    0.3698577436637465
  ],
  "train_recall": [
    0.4417200276310122,
    0.5432274404570134,
    0.5925319368699292,
    0.6221372698283589,
    0.6398238277192562,
    0.6526513101620576,
    0.6620284983942766,
    0.6715551484560677,
    0.6791037187659313,
    0.6810831591425553,
    0.687414647161848,
    0.6890832303525466
  ],
  "val_recall": [
    0.3252367534810239,
    0.34004463076305286,
    0.33285500623206693,
    0.33368277157304044,
    0.34691644151215534,
    0.35927256183962336,
    0.35575258030750473,
    0.36129341286758226,
    0.3674259024279771,
    0.36299833853610736,
    0.3648325113261442,
    0.36932253057534004
  ],
  "train_f1": [
    0.44078883618491016,
    0.543014279818224,
    0.592635673759681,
    0.6233753163351374,
    0.6409510742360958,
    0.6550841766188952,
    0.6644917029449845,
    0.6745576003870867,
    0.6826614161043238,
    0.684672608552887,
    0.6914393441463175,
    0.6929513521968104
  ],
  "val_f1": [
    0.27097846983893836,
    0.29119495706153026,
    0.2919538690157742,
    0.29031009604253083,
    0.31371582539434995,
    0.3351392807289386,
    0.3389163910568584,
    0.333145663480983,
    0.3497731207659896,
    0.350426557075149,
    0.3516762384895751,
    0.3469494922687218
  ],
  "train_auc": [
    0.6589638737541966,
    0.7615893608727594,
    0.8049602527403475,
    0.828521170013438,
    0.8439935183214805,
    0.8533235402339169,
    0.8615432401721214,
    0.8679514510411895,
    0.873167480179319,
    0.8760150962442627,
    0.8805375147736235,
    0.882355374621052
  ],
  "val_auc": [
    0.5160286206695633,
    0.49827882732149825,
    0.5137555340049934,
    0.5146175933449569,
    0.520744724605997,
    0.5275373917494083,
    0.5193784006458222,
    0.5300952343798869,
    0.5420588481225673,
    0.535822673634825,
    0.5310592419254169,
    0.5373381147561869
  ]
}