split,H,signal_horizon,pinball,mae_at_signal,coverage_q10_q90
val,24,24,0.003616238437830529,0.015379229560494423,
test,24,24,0.004473732235216452,0.019453050568699837,0.7466820542412003
