{
  "epoch": [
    1,
    2,
    3,
    4,
    5,
    6,
    7,
    8,
    9,
    10,
    11,
    12
  ],
  "train_loss": [
    0.008772875262646137,
    0.0062466163747204205,
    0.006107750423998869,
    0.006064225859437297,
    0.006047312778210196,
    0.006037321085424361,
    0.006029362700589209,
    0.006034602964305969,
    0.006035234717788047,
    0.0060307194167963495,
    0.006043106742118936,
    0.0060373349521239735
  ],
  "val_loss": [
    0.004996662213514592,
    0.003938860872299334,
    0.0039678269362364025,
    0.003878742565441639,
    0.0037618203145979856,
    0.003724013140064887,
    0.003621294747628707,
    0.003616238437830529,
    0.003696815399053182,
    0.0037469651528013645,
    0.003803277169180196,
    0.0036412591049218086
  ],
  "train_mae": [
    0.033594641118317704,
    0.02673047015259123,
    0.02664803943443159,
    0.02653595266065749,
    0.02650667280355893,
    0.026483634737328135,
    0.026467120571530573,
    0.02646428452762322,
    0.026469197555471183,
    0.02646712642507595,
    0.026476798685930742,
    0.026468246227935914
  ],
  "val_mae": [
    0.019944048182819606,
    0.015551558405752829,
    0.015374925232483442,
    0.015420139004312435,
    0.015431191322404817,
    0.015470306770950418,
    0.01539551595429849,
    0.015379230171388572,
    0.015416149950063853,
    0.015414314385818355,
    0.01563830605778712,
    0.015431061137188798
  ]
}