split,H,signal_horizon,pinball,mae_at_signal,coverage_q10_q90
val,24,24,0.007481029500163053,0.03313228115439415,
test,24,24,0.004654843959184116,0.019826531410217285,0.7582191037650547
