{
  "epoch": [
    1,
    2,
    3,
    4,
    5,
    6,
    7,
    8,
    9,
    10,
    11,
    12
  ],
  "train_loss": [
    0.009945804643158243,
    0.006221952731617277,
    0.0060889587165396065,
    0.0059975249904793936,
    0.005967889348061476,
    0.005946356956990025,
    0.005938116886415474,
    0.005923470207256924,
    0.005916165737805587,
    0.00591195458872986,
    0.0059138343088539595,
    0.0059125525830770395
  ],
  "val_loss": [
    0.008046608966872173,
    0.009163581285539013,
    0.0075300094498051764,
    0.007916891663268436,
    0.007736028715076906,
    0.007829425882034743,
    0.007657845969075331,
    0.007481029500163053,
    0.007553192996248028,
    0.0077288764522052645,
    0.007532512306880532,
    0.007620660402451707
  ],
  "train_mae": [
    0.037270393544036336,
    0.02659224129992362,
    0.026429968068611778,
    0.02626541754424963,
    0.02613191810304736,
    0.026113065845284503,
    0.02604444520946464,
    0.026019130636635895,
    0.026024711508182145,
    0.0259993994229978,
    0.025991983396685472,
    0.025991050975154906
  ],
  "val_mae": [
    0.037453240607132635,
    0.04111206446762236,
    0.03521394071965824,
    0.03317020768259472,
    0.03393411366000379,
    0.033123396600195504,
    0.03317336153635573,
    0.03313228187653573,
    0.03317657523106338,
    0.03334328539330049,
    0.03317570635433568,
    0.033111408788732116
  ]
}