{
  "epoch": [
    1,
    2,
    3,
    4,
    5,
    6,
    7,
    8,
    9,
    10,
    11,
    12,
    13,
    14,
    15,
    16,
    17,
    18,
    19,
    20
  ],
  "train_loss": [
    0.7596428113775021,
    0.6900992610082777,
    0.6869949608060594,
    0.6799874821616515,
    0.6888324076866729,
    0.6754412271604688,
    0.6842403305276098,
    0.6775527941822495,
    0.6745860869110227,
    0.6760017487283088,
    0.6640813453855774,
    0.6644921083648146,
    0.6604222414831236,
    0.6571645473205993,
    0.6551556219699898,
    0.6422202120693628,
    0.633302656621892,
    0.6354042183346673,
    0.632361756544427,
    0.626577846396805
  ],
  "val_loss": [
    0.6870221635128589,
    0.7149567003791214,
    0.6887653744812553,
    0.7073769222760031,
    0.709671048407859,
    0.7238481513997341,
    0.7052072282378555,
    0.7153129323999933,
    0.7009402699504338,
    0.7326374789501758,
    0.8054764790737883,
    0.8778504767316453,
    0.8536132806581809,
    0.894066923899008,
    0.7932059354815922,
    0.861149510593279,
    1.0438841200889426,
    0.836362804926879,
    0.9073610720059551,
    0.9792343141339349
  ],
  "train_accuracy": [
    0.49642346208869814,
    0.5371959942775394,
    0.5257510729613734,
    0.5429184549356223,
    0.5414878397711016,
    0.5636623748211731,
    0.5464949928469242,
    0.567238912732475,
    0.572961373390558,
    0.5758226037195995,
    0.5686695278969958,
    0.5872675250357654,
    0.5779685264663805,
    0.575107296137339,
    0.5658082975679543,
    0.5951359084406295,
    0.6201716738197425,
    0.6072961373390557,
    0.5972818311874106,
    0.6080114449213162
  ],
  "val_accuracy": [
    0.4432624113475177,
    0.41843971631205673,
    0.4929078014184397,
    0.5602836879432624,
    0.5567375886524822,
    0.4574468085106383,
    0.4645390070921986,
    0.48936170212765956,
    0.4432624113475177,
    0.42907801418439717,
    0.43617021276595747,
    0.41134751773049644,
    0.41843971631205673,
    0.425531914893617,
    0.48226950354609927,
    0.4432624113475177,
    0.4219858156028369,
    0.4397163120567376,
    0.43617021276595747,
    0.4326241134751773
  ],
  "train_precision": [
    0.5483870967741935,
    0.5701559020044543,
    0.5813609467455622,
    0.5988200589970502,
    0.5884718498659517,
    0.6218236173393124,
    0.6080870917573873,
    0.6060606060606061,
    0.6070559610705596,
    0.6219512195121951,
    0.643581081081081,
    0.6282722513089005,
    0.6297872340425532,
    0.6269503546099291,
    0.6338709677419355,
    0.6400541271989174,
    0.6635135135135135,
    0.6435897435897436,
    0.6360103626943006,
    0.6733436055469953
  ],
  "val_precision": [
    0.5299145299145299,
    0.0,
    0.5549738219895288,
    0.5735294117647058,
    0.5735849056603773,
    0.5504587155963303,
    0.5398773006134969,
    0.5555555555555556,
    0.5538461538461539,
    0.5517241379310345,
    0.5862068965517241,
    0.46153846153846156,
    0.5,
    0.5125,
    0.5633802816901409,
    0.5393258426966292,
    0.5084745762711864,
    0.546875,
    0.5242718446601942,
    0.5178571428571429
  ],
  "train_recall": [
    0.5058214747736093,
    0.6623544631306598,
    0.5084087968952135,
    0.5252263906856404,
    0.5679172056921087,
    0.538163001293661,
    0.5058214747736093,
    0.6209573091849935,
    0.6455368693402329,
    0.5937904269081501,
    0.49288486416558863,
    0.6209573091849935,
    0.574385510996119,
    0.5717981888745148,
    0.5084087968952135,
    0.6119016817593791,
    0.6351875808538163,
    0.6494178525226391,
    0.6351875808538163,
    0.5653298835705045
  ],
  "val_recall": [
    0.3780487804878049,
    0.0,
    0.6463414634146342,
    0.9512195121951219,
    0.926829268292683,
    0.36585365853658536,
    0.5365853658536586,
    0.6097560975609756,
    0.21951219512195122,
    0.0975609756097561,
    0.10365853658536585,
    0.07317073170731707,
    0.09146341463414634,
    0.25,
    0.4878048780487805,
    0.2926829268292683,
    0.18292682926829268,
    0.21341463414634146,
    0.32926829268292684,
    0.35365853658536583
  ],
  "train_f1": [
    0.5262449528936743,
    0.6128067025733094,
    0.5424430641821946,
    0.5596140592694693,
    0.5780118499012509,
    0.5769764216366158,
    0.5522598870056498,
    0.6134185303514377,
    0.625705329153605,
    0.6075446724023825,
    0.5582417582417583,
    0.6245933636955108,
    0.6008119079837618,
    0.5981055480378891,
    0.5642498205312275,
    0.6256613756613757,
    0.6490416391275612,
    0.6464906632324533,
    0.6355987055016181,
    0.6146272855133614
  ],
  "val_f1": [
    0.4412811387900356,
    0.0,
    0.5971830985915493,
    0.7155963302752294,
    0.7086247086247086,
    0.43956043956043955,
    0.5382262996941896,
    0.5813953488372093,
    0.314410480349345,
    0.16580310880829016,
    0.17616580310880828,
    0.12631578947368421,
    0.15463917525773196,
    0.3360655737704918,
    0.5228758169934641,
    0.3794466403162055,
    0.26905829596412556,
    0.30701754385964913,
    0.4044943820224719,
    0.42028985507246375
  ],
  "train_auc": [
    0.5034680465717982,
    0.5255948253557567,
    0.5388615782664942,
    0.5727606727037515,
    0.5655006468305304,
    0.5930949547218629,
    0.565625873221216,
    0.5801335058214747,
    0.5975720569210867,
    0.6001200517464425,
    0.6177014230271669,
    0.620412936610608,
    0.6213940491591203,
    0.6185707632600259,
    0.6251177231565329,
    0.6518520051746441,
    0.6674297542043984,
    0.6641055627425614,
    0.6536755498059508,
    0.6739042690815006
  ],
  "val_auc": [
    0.4440884663083918,
    0.44372674658949973,
    0.451426209177346,
    0.4372157916494419,
    0.4500826787928896,
    0.4555084745762712,
    0.43871434477056637,
    0.44982430756510955,
    0.440936337329475,
    0.4650165357585779,
    0.4709073997519636,
    0.4564902852418355,
    0.4569036792062836,
    0.4441401405539479,
    0.46005580818520053,
    0.454733360892931,
    0.4435200496072757,
    0.48299917321207114,
    0.44134973129392313,
    0.46238114923522117
  ]
}