{
  "epoch": [
    1,
    2,
    3,
    4,
    5,
    6,
    7,
    8,
    9,
    10,
    11,
    12,
    13,
    14,
    15,
    16,
    17,
    18,
    19,
    20
  ],
  "train_loss": [
    0.7141705206783634,
    0.696990058428515,
    0.6833205957297045,
    0.6888719255712155,
    0.6876651619001218,
    0.6781308323225242,
    0.6808335082228936,
    0.6763131726141567,
    0.6725927769655808,
    0.6662176953493103,
    0.6695771074359308,
    0.6658243927351548,
    0.6630660279420508,
    0.6650655200539252,
    0.6654458964931355,
    0.6585382584612968,
    0.6608169729497555,
    0.6571362997001072,
    0.6533802342864702,
    0.6431447656328144
  ],
  "val_loss": [
    0.6875698573511503,
    0.6969672766920367,
    0.6959428574989387,
    0.6831207079066721,
    0.7183476414100353,
    0.686744832851059,
    0.7354074797927449,
    0.7460847311274588,
    0.7386807863011912,
    0.7425506415635966,
    0.723333664039476,
    0.7352242038228746,
    0.6982033192580814,
    0.7447181236142575,
    0.7167466495086602,
    0.738107031813715,
    0.7422691099014056,
    0.7364874545827463,
    0.7224381801282617,
    0.7648792217322556
  ],
  "train_accuracy": [
    0.5289757412398922,
    0.5363881401617251,
    0.5721024258760108,
    0.5303234501347709,
    0.5680592991913747,
    0.5801886792452831,
    0.5707547169811321,
    0.5849056603773585,
    0.5983827493261455,
    0.6037735849056604,
    0.605121293800539,
    0.5997304582210242,
    0.6064690026954178,
    0.5963611859838275,
    0.6017520215633423,
    0.6145552560646901,
    0.6179245283018868,
    0.6159029649595688,
    0.6253369272237197,
    0.6300539083557951
  ],
  "val_accuracy": [
    0.6053412462908012,
    0.4836795252225519,
    0.516320474777448,
    0.6053412462908012,
    0.45103857566765576,
    0.56973293768546,
    0.4362017804154303,
    0.456973293768546,
    0.4362017804154303,
    0.4658753709198813,
    0.456973293768546,
    0.47774480712166173,
    0.4896142433234421,
    0.45103857566765576,
    0.4658753709198813,
    0.4807121661721068,
    0.47477744807121663,
    0.47181008902077154,
    0.4836795252225519,
    0.47181008902077154
  ],
  "train_precision": [
    0.5581140350877193,
    0.5554502369668246,
    0.5841584158415841,
    0.5578158458244111,
    0.56645056726094,
    0.591182364729459,
    0.5707070707070707,
    0.590778097982709,
    0.6005774783445621,
    0.6028436018957346,
    0.6196721311475409,
    0.6027263875365141,
    0.6133333333333333,
    0.5929602888086642,
    0.6215909090909091,
    0.610636277302944,
    0.6206896551724138,
    0.6197757390417941,
    0.6400449943757031,
    0.6325051759834368
  ],
  "val_precision": [
    0.6053412462908012,
    0.576530612244898,
    0.5857740585774058,
    0.6053412462908012,
    0.5605095541401274,
    0.5980066445182725,
    0.5636363636363636,
    0.574468085106383,
    0.5522388059701493,
    0.58,
    0.567741935483871,
    0.5823529411764706,
    0.5842105263157895,
    0.5772357723577236,
    0.5681818181818182,
    0.5878787878787879,
    0.5882352941176471,
    0.5915492957746479,
    0.5872093023255814,
    0.589041095890411
  ],
  "train_recall": [
    0.6322981366459627,
    0.7279503105590062,
    0.7329192546583851,
    0.6472049689440994,
    0.8683229813664596,
    0.7329192546583851,
    0.8422360248447205,
    0.7639751552795031,
    0.7751552795031056,
    0.7900621118012422,
    0.7043478260869566,
    0.768944099378882,
    0.7428571428571429,
    0.8161490683229814,
    0.6795031055900621,
    0.7987577639751553,
    0.760248447204969,
    0.7552795031055901,
    0.7068322981366459,
    0.7590062111801242
  ],
  "val_recall": [
    1.0,
    0.553921568627451,
    0.6862745098039216,
    1.0,
    0.43137254901960786,
    0.8823529411764706,
    0.30392156862745096,
    0.39705882352941174,
    0.3627450980392157,
    0.4264705882352941,
    0.43137254901960786,
    0.4852941176470588,
    0.5441176470588235,
    0.3480392156862745,
    0.49019607843137253,
    0.47549019607843135,
    0.4411764705882353,
    0.4117647058823529,
    0.4950980392156863,
    0.4215686274509804
  ],
  "train_f1": [
    0.5928945835760047,
    0.6301075268817204,
    0.650137741046832,
    0.5991949396204715,
    0.68563021088769,
    0.6544647809206877,
    0.6803813346713498,
    0.6663055254604551,
    0.6767895878524945,
    0.6838709677419355,
    0.6593023255813953,
    0.675764192139738,
    0.6719101123595506,
    0.6868792472556194,
    0.6492581602373887,
    0.6921420882669537,
    0.6834170854271356,
    0.6808510638297872,
    0.6717827626918536,
    0.6900056465273856
  ],
  "val_f1": [
    0.7541589648798521,
    0.565,
    0.6320541760722348,
    0.7541589648798521,
    0.48753462603878117,
    0.7128712871287128,
    0.39490445859872614,
    0.46956521739130436,
    0.4378698224852071,
    0.4915254237288136,
    0.49025069637883006,
    0.5294117647058824,
    0.5634517766497462,
    0.43425076452599387,
    0.5263157894736842,
    0.5257452574525745,
    0.5042016806722689,
    0.48554913294797686,
    0.5372340425531915,
    0.49142857142857144
  ],
  "train_auc": [
    0.5031513277655302,
    0.5124031504130114,
    0.5706382239135008,
    0.544445155919831,
    0.5605137258847959,
    0.5875703217190058,
    0.5741673451092674,
    0.5921550691096699,
    0.6035986425049625,
    0.6253679598240013,
    0.6167454879755577,
    0.6206734419451331,
    0.6248739926270823,
    0.6246389008315114,
    0.6302161563863555,
    0.6400735462270968,
    0.6353771988400918,
    0.6385843266037925,
    0.6545595916537839,
    0.6738169943010821
  ],
  "val_auc": [
    0.44821612855668586,
    0.4537446557570397,
    0.4314094058676102,
    0.4443093026684358,
    0.45359722836503025,
    0.4469261388766033,
    0.44991154356479435,
    0.4528232345569807,
    0.4704408079021082,
    0.4881689517912428,
    0.47069880583812473,
    0.47434763379035827,
    0.48323013415892674,
    0.4594206103494029,
    0.45997346306943837,
    0.4826035677428867,
    0.4842989827509952,
    0.46933510246203747,
    0.4681925401739643,
    0.48252985404688187
  ]
}