{
  "task_type": "regression",
  "up_threshold": 0.0,
  "val_loss_mse": 0.0016664925248304088,
  "test_loss_mse": 0.0013006223487933089,
  "val_metrics": {
    "mse": 0.0016664925911263077,
    "mae": 0.024889889903655357,
    "rmse": 0.04082269700946163,
    "r2": -0.0287622161515102,
    "direction_accuracy": 0.5578635014836796,
    "direction_f1": 0.7072691552062869
  },
  "test_metrics": {
    "mse": 0.0013006223567585756,
    "mae": 0.025948985180193302,
    "rmse": 0.03606414225735274,
    "r2": -0.2752606769424897,
    "direction_accuracy": 0.5097765363128491,
    "direction_f1": 0.41008403361344536
  }
}