{
  "epoch": [
    1,
    2,
    3,
    4,
    5,
    6,
    7,
    8,
    9,
    10,
    11,
    12,
    13,
    14,
    15,
    16,
    17,
    18,
    19,
    20
  ],
  "train_loss": [
    0.7141705206783634,
    0.696990058428515,
    0.6833205957297045,
    0.6888719255712155,
    0.6876651619001218,
    0.6781308323225242,
    0.6808335082228936,
    0.6763131726141567,
    0.6725927769655808,
    0.6662176953493103,
    0.6695771074359308,
    0.6658243927351548,
    0.6630660279420508,
    0.6650655200539252,
    0.6654458964931355,
    0.6585382584612968,
    0.6608169729497555,
    0.6571362997001072,
    0.6533802342864702,
    0.6431447656328144
  ],
  "val_loss": [
    0.6875698573511503,
    0.6969672766920367,
    0.6959428574989387,
    0.6831207079066721,
    0.7183476414100353,
    0.686744832851059,
    0.7354074797927449,
    0.7460847311274588,
    0.7386807863011912,
    0.7425506415635966,
    0.723333664039476,
    0.7352242038228746,
    0.6982033192580814,
    0.7447181236142575,
    0.7167466495086602,
    0.738107031813715,
    0.7422691099014056,
    0.7364874545827463,
    0.7224381801282617,
    0.7648792217322556
  ],
  "train_accuracy": [
    0.5424528301886793,
    0.5424528301886793,
    0.5424528301886793,
    0.5424528301886793,
    0.5424528301886793,
    0.5424528301886793,
    0.5424528301886793,
    0.5424528301886793,
    0.5424528301886793,
    0.5424528301886793,
    0.5424528301886793,
    0.5424528301886793,
    0.5424528301886793,
    0.5424528301886793,
    0.5424528301886793,
    0.5424528301886793,
    0.5424528301886793,
    0.5424528301886793,
    0.5424528301886793,
    0.5431266846361186
  ],
  "val_accuracy": [
    0.6053412462908012,
    0.6053412462908012,
    0.6053412462908012,
    0.6053412462908012,
    0.6053412462908012,
    0.6053412462908012,
    0.6053412462908012,
    0.6053412462908012,
    0.6053412462908012,
    0.6053412462908012,
    0.6053412462908012,
    0.6053412462908012,
    0.6053412462908012,
    0.6053412462908012,
    0.6053412462908012,
    0.6053412462908012,
    0.6053412462908012,
    0.6053412462908012,
    0.6053412462908012,
    0.6053412462908012
  ],
  "train_precision": [
    0.5424528301886793,
    0.5424528301886793,
    0.5424528301886793,
    0.5424528301886793,
    0.5424528301886793,
    0.5424528301886793,
    0.5424528301886793,
    0.5424528301886793,
    0.5424528301886793,
    0.5424528301886793,
    0.5424528301886793,
    0.5424528301886793,
    0.5424528301886793,
    0.5424528301886793,
    0.5424528301886793,
    0.5424528301886793,
    0.5424528301886793,
    0.5424528301886793,
    0.5424528301886793,
    0.5428186109238031
  ],
  "val_precision": [
    0.6053412462908012,
    0.6053412462908012,
    0.6053412462908012,
    0.6053412462908012,
    0.6053412462908012,
    0.6053412462908012,
    0.6053412462908012,
    0.6053412462908012,
    0.6053412462908012,
    0.6053412462908012,
    0.6053412462908012,
    0.6053412462908012,
    0.6053412462908012,
    0.6053412462908012,
    0.6053412462908012,
    0.6053412462908012,
    0.6053412462908012,
    0.6053412462908012,
    0.6053412462908012,
    0.6053412462908012
  ],
  "train_recall": [
    1.0,
    1.0,
    1.0,
    1.0,
    1.0,
    1.0,
    1.0,
    1.0,
    1.0,
    1.0,
    1.0,
    1.0,
    1.0,
    1.0,
    1.0,
    1.0,
    1.0,
    1.0,
    1.0,
    1.0
  ],
  "val_recall": [
    1.0,
    1.0,
    1.0,
    1.0,
    1.0,
    1.0,
    1.0,
    1.0,
    1.0,
    1.0,
    1.0,
    1.0,
    1.0,
    1.0,
    1.0,
    1.0,
    1.0,
    1.0,
    1.0,
    1.0
  ],
  "train_f1": [
    0.7033639143730887,
    0.7033639143730887,
    0.7033639143730887,
    0.7033639143730887,
    0.7033639143730887,
    0.7033639143730887,
    0.7033639143730887,
    0.7033639143730887,
    0.7033639143730887,
    0.7033639143730887,
    0.7033639143730887,
    0.7033639143730887,
    0.7033639143730887,
    0.7033639143730887,
    0.7033639143730887,
    0.7033639143730887,
    0.7033639143730887,
    0.7033639143730887,
    0.7033639143730887,
    0.7036713286713286
  ],
  "val_f1": [
    0.7541589648798521,
    0.7541589648798521,
    0.7541589648798521,
    0.7541589648798521,
    0.7541589648798521,
    0.7541589648798521,
    0.7541589648798521,
    0.7541589648798521,
    0.7541589648798521,
    0.7541589648798521,
    0.7541589648798521,
    0.7541589648798521,
    0.7541589648798521,
    0.7541589648798521,
    0.7541589648798521,
    0.7541589648798521,
    0.7541589648798521,
    0.7541589648798521,
    0.7541589648798521,
    0.7541589648798521
  ],
  "train_auc": [
    0.5031513277655302,
    0.5124031504130114,
    0.5706382239135008,
    0.544445155919831,
    0.5605137258847959,
    0.5875703217190058,
    0.5741673451092674,
    0.5921550691096699,
    0.6035986425049625,
    0.6253679598240013,
    0.6167454879755577,
    0.6206734419451331,
    0.6248739926270823,
    0.6246389008315114,
    0.6302161563863555,
    0.6400735462270968,
    0.6353771988400918,
    0.6385843266037925,
    0.6545595916537839,
    0.6738169943010821
  ],
  "val_auc": [
    0.44821612855668586,
    0.4537446557570397,
    0.4314094058676102,
    0.4443093026684358,
    0.45359722836503025,
    0.4469261388766033,
    0.44991154356479435,
    0.4528232345569807,
    0.4704408079021082,
    0.4881689517912428,
    0.47069880583812473,
    0.47434763379035827,
    0.48323013415892674,
    0.4594206103494029,
    0.45997346306943837,
    0.4826035677428867,
    0.4842989827509952,
    0.46933510246203747,
    0.4681925401739643,
    0.48252985404688187
  ]
}