{
  "accuracy": 0.2409217877094972,
  "precision": 0.2409217877094972,
  "recall": 1.0,
  "f1": 0.38829487900956666,
  "auc": 0.6851645934162633,
  "loss": 0.8611365456820866,
  "threshold": 0.05,
  "val_f1_at_threshold": 0.7541589648798521
}