{
  "epoch": [
    1,
    2,
    3,
    4,
    5,
    6,
    7,
    8,
    9,
    10,
    11,
    12,
    13,
    14,
    15,
    16,
    17,
    18,
    19,
    20
  ],
  "train_loss": [
    0.09232343029639,
    0.0038637859196204265,
    0.002455834929315421,
    0.0020319207303911794,
    0.0020111763574808704,
    0.001861123718555449,
    0.0016852163045912633,
    0.0017241730530320504,
    0.0016820648304643616,
    0.001715925755626724,
    0.001648893213630949,
    0.0016492142239601059,
    0.001707447253377928,
    0.0015712218315796916,
    0.0015394724616071248,
    0.0014939213241074955,
    0.001529644573241,
    0.0015226001789103427,
    0.0015701082640237386,
    0.0015785950071888523
  ],
  "val_loss": [
    0.0018139400205765615,
    0.0021618100377877496,
    0.0020743352696106104,
    0.0016853008522909102,
    0.0018289769061451406,
    0.0021911139212388445,
    0.0023517396745965638,
    0.0017255162806402151,
    0.0017653107062778062,
    0.002292134417690757,
    0.0021542819878031176,
    0.0017693215923781785,
    0.0016664925248304088,
    0.0017225219901286352,
    0.0017073309841463536,
    0.0017691046733254406,
    0.0023549464793781853,
    0.002298531035453258,
    0.0017331541911077076,
    0.002029243450423907
  ],
  "train_mse": [
    0.09232342861733166,
    0.0038637859548626037,
    0.0024558349523014916,
    0.0020319207424796125,
    0.0020111763660397206,
    0.0018611236979869834,
    0.0016852163032051973,
    0.0017241730460172118,
    0.0016820648038935767,
    0.0017159257290689312,
    0.0016488932018545507,
    0.001649214244925321,
    0.0017074472979443566,
    0.001571221777864167,
    0.0015394724462246313,
    0.0014939213574387403,
    0.0015296445723243656,
    0.0015226001896172948,
    0.001570108293015902,
    0.0015785950100678224
  ],
  "val_mse": [
    0.0018139400613671965,
    0.0021618100095940904,
    0.002074335231049821,
    0.001685300860038194,
    0.0018289770300646902,
    0.0021911138689872153,
    0.0023517397082160525,
    0.0017255162881823917,
    0.0017653107443724528,
    0.002292134232306078,
    0.002154282086832578,
    0.0017693215997781945,
    0.0016664925911263077,
    0.0017225220447224787,
    0.0017073310728750548,
    0.0017691047492095656,
    0.0023549465144015835,
    0.0022985310473818315,
    0.0017331541428619417,
    0.002029243472551371
  ],
  "train_mae": [
    0.20982470410340015,
    0.048606175912671974,
    0.03725544861045233,
    0.032854695809234724,
    0.032871876579706326,
    0.030818391209081947,
    0.02901910029250374,
    0.029395223976186165,
    0.02911613897337719,
    0.029642961787344983,
    0.028422021972661693,
    0.0286307408638718,
    0.029555447686241625,
    0.02764848557039441,
    0.026751020046809508,
    0.026354501317002847,
    0.02691117113510914,
    0.026532278525697617,
    0.027819000855251397,
    0.02759013784269578
  ],
  "val_mae": [
    0.027377624610315964,
    0.03313687003030406,
    0.03142259225096603,
    0.02517520908894327,
    0.027102611174299837,
    0.033481001568086255,
    0.035302090788300176,
    0.026148832433695354,
    0.02682067963031455,
    0.03467337317431058,
    0.03322213372089195,
    0.026541405865398875,
    0.024889889903655357,
    0.0258581731369987,
    0.025723265297261814,
    0.026369909094874567,
    0.03564201732658717,
    0.034760525423338365,
    0.02612152077842819,
    0.030194322105175166
  ],
  "train_rmse": [
    0.30384770628940355,
    0.06215935935048401,
    0.049556381549720634,
    0.045076831548808004,
    0.044846141038440764,
    0.04314074290026753,
    0.04105138613013204,
    0.041523162765102706,
    0.04101298335763416,
    0.041423733886130194,
    0.040606565994362916,
    0.04061051889505133,
    0.04132126931671336,
    0.039638639959819096,
    0.03923611150744466,
    0.03865127885903312,
    0.0391106708242695,
    0.03902050985849999,
    0.039624592023337,
    0.03973153671918345
  ],
  "val_rmse": [
    0.042590375219845114,
    0.04649526867966342,
    0.04554487052402082,
    0.04105241600732159,
    0.04276654101122383,
    0.04680933527606662,
    0.0484947389746151,
    0.04153933422892562,
    0.0420156012020827,
    0.047876238702576436,
    0.046414244438885116,
    0.04206330467020149,
    0.04082269700946163,
    0.04150327751783561,
    0.041319862933885135,
    0.042060726922029834,
    0.04852779115518842,
    0.04794299789731376,
    0.041631167925749356,
    0.04504712501982087
  ],
  "train_r2": [
    -62.00656820411856,
    -1.6368593209445086,
    -0.6759963829072355,
    -0.3866940901539615,
    -0.37253699061177015,
    -0.27013282510940795,
    -0.1500839769143707,
    -0.17667019354167124,
    -0.14793322104127737,
    -0.1710417723967348,
    -0.12529510157785606,
    -0.12551419896665417,
    -0.16525562626985502,
    -0.07228786445015678,
    -0.050620380266125364,
    -0.019533820490968745,
    -0.04391330042223052,
    -0.03910582753982017,
    -0.07152796135635753,
    -0.07731976225423387
  ],
  "val_r2": [
    -0.11978475478063855,
    -0.33453245949652843,
    -0.2805323712202614,
    -0.04037297068519119,
    -0.12906740345474965,
    -0.35262237090182813,
    -0.4517802040756156,
    -0.06519883141892846,
    -0.08976481698563443,
    -0.4149844440353816,
    -0.32988530862145793,
    -0.09224080548858105,
    -0.0287622161515102,
    -0.06335041963845045,
    -0.053972701461684425,
    -0.0921069389039082,
    -0.45375983546177445,
    -0.4189333374710231,
    -0.06991384566418635,
    -0.2526962454252575
  ],
  "train_direction_accuracy": [
    0.4994438264738598,
    0.5005561735261401,
    0.5050055617352615,
    0.5300333704115684,
    0.5083426028921023,
    0.4966629588431591,
    0.5222469410456062,
    0.5038932146829811,
    0.5200222469410456,
    0.5155728587319244,
    0.5289210233592881,
    0.521134593993326,
    0.4922135706340378,
    0.5150166852057843,
    0.5422691879866518,
    0.5317018909899889,
    0.5272525027808677,
    0.5222469410456062,
    0.5456062291434928,
    0.5367074527252503
  ],
  "val_direction_accuracy": [
    0.5459940652818991,
    0.42729970326409494,
    0.5816023738872403,
    0.5816023738872403,
    0.5281899109792285,
    0.4362017804154303,
    0.41839762611275966,
    0.4540059347181009,
    0.5192878338278932,
    0.41839762611275966,
    0.45103857566765576,
    0.47774480712166173,
    0.5578635014836796,
    0.49554896142433236,
    0.4688427299703264,
    0.5667655786350149,
    0.41839762611275966,
    0.41839762611275966,
    0.4540059347181009,
    0.5816023738872403
  ],
  "train_direction_f1": [
    0.5171673819742489,
    0.5278654048370137,
    0.5310853530031612,
    0.5686574783052578,
    0.5466666666666666,
    0.5370843989769821,
    0.5574446161772282,
    0.5363825363825364,
    0.5612608032536858,
    0.5769791160757649,
    0.5862237420615535,
    0.5752343364578194,
    0.5182058047493404,
    0.5750487329434698,
    0.590750870213824,
    0.5794205794205795,
    0.5940783190066857,
    0.5799511002444988,
    0.5773409208484221,
    0.5874195146111937
  ],
  "val_direction_f1": [
    0.6146095717884131,
    0.03015075376884422,
    0.7354596622889306,
    0.7207920792079208,
    0.6520787746170679,
    0.13636363636363635,
    0.0,
    0.31851851851851853,
    0.6383928571428571,
    0.0,
    0.16289592760180996,
    0.42857142857142855,
    0.7072691552062869,
    0.4970414201183432,
    0.4688427299703264,
    0.7170542635658915,
    0.0,
    0.0,
    0.4140127388535032,
    0.7354596622889306
  ]
}