{
  "accuracy": 0.4909217877094972,
  "precision": 0.2303370786516854,
  "recall": 0.4753623188405797,
  "f1": 0.31031220435193946,
  "auc": 0.46116022025785636,
  "loss": 0.7335978303541685,
  "threshold": 0.55,
  "val_f1_at_threshold": 0.7551401869158878,
  "pos_weight": 0.8434782608695652
}