{
  "epoch": [
    1,
    2,
    3,
    4,
    5,
    6,
    7,
    8,
    9,
    10,
    11,
    12,
    13,
    14,
    15,
    16,
    17,
    18,
    19,
    20
  ],
  "train_loss": [
    0.6581479370433365,
    0.6396726348972064,
    0.6287034825494668,
    0.6335506991877389,
    0.6310137772174537,
    0.6232797328352607,
    0.6249716471468985,
    0.6215976090283407,
    0.6181883492238438,
    0.6119987187038535,
    0.6138894410146215,
    0.6108440077208445,
    0.6075231471472995,
    0.6104419890118417,
    0.6090993998506963,
    0.6056267551656039,
    0.5961421755446257,
    0.5972693496637267,
    0.5933959493739906,
    0.5901487472886345
  ],
  "val_loss": [
    0.6318459524952693,
    0.6495877155918042,
    0.6445434463130261,
    0.6334799639549029,
    0.6666985506119997,
    0.6360976924174617,
    0.6881113901336399,
    0.6934441340429492,
    0.6790011641887246,
    0.6880016551527142,
    0.6721003497743465,
    0.6881124715953623,
    0.652165247177158,
    0.6919617476024684,
    0.6794612595164812,
    0.7028211601940744,
    0.7048471895452777,
    0.6934654859477759,
    0.6879965558603892,
    0.7036725859259993
  ],
  "train_accuracy": [
    0.5424528301886793,
    0.5424528301886793,
    0.5424528301886793,
    0.5424528301886793,
    0.5424528301886793,
    0.5424528301886793,
    0.5424528301886793,
    0.5424528301886793,
    0.5424528301886793,
    0.5424528301886793,
    0.5424528301886793,
    0.5424528301886793,
    0.5424528301886793,
    0.5424528301886793,
    0.5424528301886793,
    0.5424528301886793,
    0.5424528301886793,
    0.543800539083558,
    0.5424528301886793,
    0.543800539083558
  ],
  "val_accuracy": [
    0.6053412462908012,
    0.6053412462908012,
    0.6053412462908012,
    0.6053412462908012,
    0.6053412462908012,
    0.6053412462908012,
    0.6053412462908012,
    0.6053412462908012,
    0.6053412462908012,
    0.6053412462908012,
    0.6053412462908012,
    0.6053412462908012,
    0.6053412462908012,
    0.6053412462908012,
    0.6053412462908012,
    0.6053412462908012,
    0.6053412462908012,
    0.6053412462908012,
    0.6053412462908012,
    0.6053412462908012
  ],
  "train_precision": [
    0.5424528301886793,
    0.5424528301886793,
    0.5424528301886793,
    0.5424528301886793,
    0.5424528301886793,
    0.5424528301886793,
    0.5424528301886793,
    0.5424528301886793,
    0.5424528301886793,
    0.5424528301886793,
    0.5424528301886793,
    0.5424528301886793,
    0.5424528301886793,
    0.5424528301886793,
    0.5424528301886793,
    0.5424528301886793,
    0.5424528301886793,
    0.5431848852901484,
    0.5424528301886793,
    0.5431848852901484
  ],
  "val_precision": [
    0.6053412462908012,
    0.6053412462908012,
    0.6053412462908012,
    0.6053412462908012,
    0.6053412462908012,
    0.6053412462908012,
    0.6053412462908012,
    0.6053412462908012,
    0.6053412462908012,
    0.6053412462908012,
    0.6053412462908012,
    0.6053412462908012,
    0.6053412462908012,
    0.6053412462908012,
    0.6053412462908012,
    0.6053412462908012,
    0.6053412462908012,
    0.6053412462908012,
    0.6053412462908012,
    0.6053412462908012
  ],
  "train_recall": [
    1.0,
    1.0,
    1.0,
    1.0,
    1.0,
    1.0,
    1.0,
    1.0,
    1.0,
    1.0,
    1.0,
    1.0,
    1.0,
    1.0,
    1.0,
    1.0,
    1.0,
    1.0,
    1.0,
    1.0
  ],
  "val_recall": [
    1.0,
    1.0,
    1.0,
    1.0,
    1.0,
    1.0,
    1.0,
    1.0,
    1.0,
    1.0,
    1.0,
    1.0,
    1.0,
    1.0,
    1.0,
    1.0,
    1.0,
    1.0,
    1.0,
    1.0
  ],
  "train_f1": [
    0.7033639143730887,
    0.7033639143730887,
    0.7033639143730887,
    0.7033639143730887,
    0.7033639143730887,
    0.7033639143730887,
    0.7033639143730887,
    0.7033639143730887,
    0.7033639143730887,
    0.7033639143730887,
    0.7033639143730887,
    0.7033639143730887,
    0.7033639143730887,
    0.7033639143730887,
    0.7033639143730887,
    0.7033639143730887,
    0.7033639143730887,
    0.7039790118058592,
    0.7033639143730887,
    0.7039790118058592
  ],
  "val_f1": [
    0.7541589648798521,
    0.7541589648798521,
    0.7541589648798521,
    0.7541589648798521,
    0.7541589648798521,
    0.7541589648798521,
    0.7541589648798521,
    0.7541589648798521,
    0.7541589648798521,
    0.7541589648798521,
    0.7541589648798521,
    0.7541589648798521,
    0.7541589648798521,
    0.7541589648798521,
    0.7541589648798521,
    0.7541589648798521,
    0.7541589648798521,
    0.7541589648798521,
    0.7541589648798521,
    0.7541589648798521
  ],
  "train_auc": [
    0.49348237726287286,
    0.5208627960372854,
    0.5707159780093122,
    0.544514677229027,
    0.5649777257384352,
    0.5896888921413478,
    0.5817780989580951,
    0.5949340919693741,
    0.6056824522727065,
    0.628230225303927,
    0.6208399271855762,
    0.6265278679826929,
    0.6314492448705167,
    0.6298264711532305,
    0.6402583265489074,
    0.6408712117747144,
    0.6592980177279337,
    0.6558310998088164,
    0.6665007912622691,
    0.6743914598560178
  ],
  "val_auc": [
    0.446483856700575,
    0.4518649565089194,
    0.43273625239569513,
    0.4484372696447,
    0.4529706619489901,
    0.44777384638065754,
    0.45411322423706324,
    0.456140350877193,
    0.4743107769423559,
    0.48964322571133717,
    0.4770750405425328,
    0.4813504349108064,
    0.4907120743034056,
    0.4676396874539289,
    0.4738316379183252,
    0.47950759251068853,
    0.48323013415892674,
    0.4839672711189739,
    0.4756007666224384,
    0.47010909627008696
  ]
}