{
  "epoch": [
    1,
    2,
    3,
    4,
    5,
    6,
    7,
    8,
    9,
    10,
    11,
    12
  ],
  "train_loss": [
    0.009616127149612014,
    0.006109681017650854,
    0.0060136985420110225,
    0.005971500641231051,
    0.0059511858717166966,
    0.005932479024568249,
    0.005916510152432717,
    0.0059011100500938095,
    0.005904127991366177,
    0.005905539881969264,
    0.005902541563929125,
    0.005904397171777609
  ],
  "val_loss": [
    0.008942219242959659,
    0.008020676139060092,
    0.007700069295612259,
    0.007860671322555558,
    0.00833727191152383,
    0.007591613890636664,
    0.007876429415684387,
    0.00764985515176627,
    0.007567821341436068,
    0.007807753453833389,
    0.007571378468123318,
    0.007647714733333122
  ],
  "train_mae": [
    0.03575679190112187,
    0.02637879266543008,
    0.026185481969344056,
    0.02611103516768296,
    0.02611884787675652,
    0.02604656887586304,
    0.026011884150134536,
    0.02599707402943346,
    0.025986059933969668,
    0.025991546990287145,
    0.025979055644794673,
    0.02598682469967461
  ],
  "val_mae": [
    0.03371560102777904,
    0.03321484254040649,
    0.034716025716083385,
    0.03366128825169263,
    0.03325172426767924,
    0.03310981067254365,
    0.033168516514343487,
    0.03328145541753155,
    0.033198192860851745,
    0.03328309456862055,
    0.03313840052064405,
    0.033196504105319005
  ]
}