split,H,signal_horizon,pinball,mae_at_signal,coverage_q10_q90
val,24,24,0.007567821341436068,0.033198192715644836,
test,24,24,0.004793963466813961,0.020147763192653656,0.8959456038193063
