split,H,signal_horizon,pinball,mae_at_signal,coverage_q10_q90
val,24,24,0.007754359277588391,0.033177174627780914,
test,24,24,0.004947993359146676,0.01974497176706791,0.9295815400195305
