{
  "epoch": [
    1,
    2,
    3,
    4,
    5,
    6,
    7,
    8,
    9,
    10,
    11,
    12
  ],
  "train_loss": [
    0.010756833051940686,
    0.006073378226810631,
    0.006004393999891082,
    0.00597225212203871,
    0.005940785771995083,
    0.005915180113442673,
    0.00590657071319509,
    0.00588993128450372,
    0.0058906021854949284,
    0.005892776138925052,
    0.005892203700393895,
    0.005887866497481763
  ],
  "val_loss": [
    0.00898157293100252,
    0.007854994683401492,
    0.007892329681102045,
    0.007924492988681975,
    0.008403511769432194,
    0.008094388452615868,
    0.007754359277588391,
    0.008260407670956042,
    0.007787726047803462,
    0.00791772992988734,
    0.0077879465806290306,
    0.007818800307744386
  ],
  "train_mae": [
    0.04159001011481749,
    0.026481470431209103,
    0.026436261966377793,
    0.02625797123578008,
    0.026165324208135193,
    0.02605031558161838,
    0.026089873394011732,
    0.02601961910956528,
    0.025989214973489924,
    0.025995742017380884,
    0.025987272807440714,
    0.025977486096266822
  ],
  "val_mae": [
    0.04805737264818745,
    0.0332063298544749,
    0.03481124472187076,
    0.034020592032787574,
    0.033149995279333724,
    0.0334202039709671,
    0.03317717442145475,
    0.03392704172529383,
    0.03313323888983238,
    0.03328570328866711,
    0.033139157249238375,
    0.03318398496997968
  ]
}