{
  "epoch": [
    1,
    2,
    3,
    4,
    5,
    6,
    7,
    8,
    9,
    10,
    11,
    12,
    13,
    14,
    15,
    16,
    17,
    18,
    19,
    20
  ],
  "train_loss": [
    1.0907714730242601,
    1.0477043110483613,
    1.0394640699509652,
    1.0243373569577634,
    1.0228449197711882,
    1.0171528267648249,
    1.0264100631962099,
    1.0197915096038972,
    1.006341525789628,
    1.003126423404002,
    1.00786445290679,
    1.0021037646342437,
    0.9903076795635287,
    0.9933319917907969,
    0.9827883844248312,
    0.9798727618308698,
    0.9811035311129255,
    0.9695249543969703,
    0.9655569838867569,
    0.9629049746690523
  ],
  "val_loss": [
    1.0187628748508872,
    1.0604752146525624,
    1.0492458138338536,
    1.084354806724571,
    1.0964127994786383,
    1.0806035622291112,
    1.1403055995791178,
    1.0968384284647708,
    1.1000189429220883,
    1.1269952670756715,
    1.165871263965301,
    1.1359071234567228,
    1.2399178610711141,
    1.263394232673532,
    1.2359953524450873,
    1.22362550765895,
    1.2213079572077674,
    1.2379289412710717,
    1.2527185627190225,
    1.1956567258438653
  ],
  "train_accuracy": [
    0.3971078976640712,
    0.42436040044493883,
    0.43325917686318133,
    0.4521690767519466,
    0.4610678531701891,
    0.4721913236929922,
    0.4582869855394883,
    0.4694104560622914,
    0.4733036707452725,
    0.47052280311457173,
    0.45773081201334814,
    0.4788654060066741,
    0.4911012235817575,
    0.4844271412680756,
    0.4949944382647386,
    0.4949944382647386,
    0.4933259176863181,
    0.4933259176863181,
    0.5133481646273638,
    0.514460511679644
  ],
  "val_accuracy": [
    0.486646884272997,
    0.34718100890207715,
    0.4035608308605341,
    0.3887240356083086,
    0.37388724035608306,
    0.3827893175074184,
    0.3798219584569733,
    0.3798219584569733,
    0.3916913946587537,
    0.3560830860534125,
    0.3857566765578635,
    0.3649851632047478,
    0.3649851632047478,
    0.34718100890207715,
    0.3590504451038576,
    0.36795252225519287,
    0.37388724035608306,
    0.3916913946587537,
    0.3887240356083086,
    0.3916913946587537
  ],
  "train_precision": [
    0.3815686614902258,
    0.39390359636668887,
    0.4218032047503457,
    0.44582826359030064,
    0.45220716402480926,
    0.4691232019372607,
    0.44964256072818803,
    0.4737872336057351,
    0.4749064492670947,
    0.4600467071974037,
    0.45001882424056366,
    0.47155044706725513,
    0.4842963987242117,
    0.4751911449571369,
    0.49192417054828314,
    0.48370687488115544,
    0.485743359893165,
    0.4927858271416781,
    0.5118616530193315,
    0.5054173411022091
  ],
  "val_precision": [
    0.16221562809099901,
    0.11711711711711713,
    0.34233539094650206,
    0.34461503899805535,
    0.3345838956365272,
    0.334038760715253,
    0.36183509673299374,
    0.3382194616977226,
    0.3617584745762712,
    0.3273202614379085,
    0.34759021258263517,
    0.32828832178992545,
    0.33803845862669385,
    0.3245061816490388,
    0.3310277275467149,
    0.3246548204462948,
    0.34819161651423486,
    0.3718157523725354,
    0.35970458774648945,
    0.34486838213546284
  ],
  "train_recall": [
    0.3661893057352306,
    0.35638313928417426,
    0.38560172488141436,
    0.4087780077619663,
    0.420120482966796,
    0.4350758947822337,
    0.42428270806382057,
    0.43129866321690385,
    0.4332960758947822,
    0.43846744286330314,
    0.433099396291505,
    0.43355476498490725,
    0.45864726175075465,
    0.4486796463993101,
    0.4669439844760673,
    0.47139961190168184,
    0.46025735230702886,
    0.4760665373005606,
    0.4793362225097025,
    0.4913106511427339
  ],
  "val_recall": [
    0.3333333333333333,
    0.3305084745762712,
    0.3320856351860899,
    0.34880053114860887,
    0.3344770566349731,
    0.34077379833890786,
    0.36073195785886975,
    0.3443540406128252,
    0.3718986057349018,
    0.3337066406103198,
    0.33686158818444883,
    0.33498377741866786,
    0.34455823217708287,
    0.33487291267365676,
    0.349540882157666,
    0.3159507434827815,
    0.35626855575181327,
    0.3845096270685357,
    0.36887456624951453,
    0.3517581770578877
  ],
  "train_f1": [
    0.36617352652982743,
    0.3126018879280147,
    0.38096339973021487,
    0.40615011411401003,
    0.4082177208570216,
    0.43570992869376785,
    0.4237231296206237,
    0.43220550777206546,
    0.4310468222299244,
    0.43422674119172483,
    0.437487774457814,
    0.43283647800859787,
    0.46185705225044343,
    0.4469259967442613,
    0.47281305267405,
    0.4715340273755779,
    0.46223286429491206,
    0.4816388102619453,
    0.4840752943304442,
    0.49545282000569185
  ],
  "val_f1": [
    0.21823020625415834,
    0.1729490022172949,
    0.32001763668430333,
    0.3448967897639175,
    0.3339338303638694,
    0.3346709883212429,
    0.3121469470353852,
    0.3384632673128249,
    0.35071529623975684,
    0.3260264151983897,
    0.33632723985300506,
    0.329761789103089,
    0.33966093259764146,
    0.32319622118327135,
    0.3291001429085766,
    0.31735297669363605,
    0.34971696135596625,
    0.3750634333768305,
    0.362104616377153,
    0.340602402062504
  ],
  "train_auc": [
    0.5389551230394574,
    0.580481437068313,
    0.5962712026512441,
    0.6166750724606272,
    0.6189614549520841,
    0.6296979355857989,
    0.6205955652789289,
    0.6261587011208626,
    0.6438731542900394,
    0.6471511329269303,
    0.6433355626568774,
    0.6520619450750913,
    0.6627780520893783,
    0.6603956058485366,
    0.6697664896514013,
    0.6723339915116168,
    0.6732632148144528,
    0.6795260741442983,
    0.6838876380231232,
    0.6895383251760894
  ],
  "val_auc": [
    0.5087788568472719,
    0.5186801812904173,
    0.5136530684759614,
    0.5223766053911462,
    0.5041048761321816,
    0.5138538174287628,
    0.5170359396382883,
    0.5097731830116791,
    0.516565401759966,
    0.5059057807151105,
    0.5007717483128409,
    0.5072195232557234,
    0.4925891153341542,
    0.4942020403742839,
    0.508834247530734,
    0.4981099661169052,
    0.5010607322363771,
    0.5064761332759865,
    0.5100295305847077,
    0.5106112855167679
  ]
}