split,H,signal_horizon,pinball,mae_at_signal,coverage_q10_q90
val,24,24,0.003582015634633919,0.015406708233058453,
test,24,24,0.004461861006884399,0.019419027492403984,0.7454125793421812
