{
  "epoch": [
    1,
    2,
    3,
    4,
    5,
    6,
    7,
    8,
    9,
    10,
    11,
    12
  ],
  "train_loss": [
    0.010555617464609398,
    0.006066366547859677,
    0.0059907964825329976,
    0.005958051493788339,
    0.00593052898990923,
    0.005916700344117851,
    0.005893373652649384,
    0.005891340172582375,
    0.005888012470576331,
    0.005890987378000803,
    0.005892494443950382,
    0.005892341619184914
  ],
  "val_loss": [
    0.007891531803895997,
    0.00783748664121401,
    0.007732794368162125,
    0.007769682698452753,
    0.007885736899493317,
    0.007826467391593686,
    0.008240887750424733,
    0.007899653515360837,
    0.007807892282693775,
    0.007765470689987987,
    0.007977018977635359,
    0.007684368194408431
  ],
  "train_mae": [
    0.041627853988947555,
    0.026475579581927974,
    0.026245209414439252,
    0.026164860553464783,
    0.026142331523733735,
    0.02607706854535072,
    0.026038324917731805,
    0.026007807006938357,
    0.025992151529577248,
    0.025980682694233363,
    0.025991045948325922,
    0.025979987532735272
  ],
  "val_mae": [
    0.0324138231571609,
    0.031808075064916314,
    0.03553467799707111,
    0.03173782993459395,
    0.03257347303719112,
    0.03318938214757379,
    0.03353522974381691,
    0.03370635318859227,
    0.031896807090829274,
    0.03196808389807179,
    0.032095852127013526,
    0.03277922182121551
  ]
}