{
  "task_type": "classification",
  "num_classes": 3,
  "class_encoding": {
    "0": "DOWN",
    "1": "FLAT",
    "2": "UP"
  },
  "val_loss_ce": 1.2302575284720174,
  "test_loss_ce": 1.291987765434734,
  "val_multiclass": {
    "accuracy": 0.39465875370919884,
    "precision": 0.37419670475348776,
    "recall": 0.38794917156499076,
    "f1": 0.37758769857060104,
    "auc": 0.5097389320118783
  },
  "test_multiclass": {
    "accuracy": 0.4106145251396648,
    "precision": 0.417603807829388,
    "recall": 0.3767688601232018,
    "f1": 0.36698505076429316,
    "auc": 0.5475282002685079
  },
  "up_class_index": 2,
  "up_prob_threshold": 0.1,
  "val_up_vs_rest": {
    "accuracy": 0.4896142433234421,
    "precision": 0.4894894894894895,
    "recall": 0.9878787878787879,
    "f1": 0.6546184738955824,
    "auc": 0.47797744890768146
  },
  "test_up_vs_rest": {
    "accuracy": 0.4175977653631285,
    "precision": 0.40015015015015015,
    "recall": 0.9383802816901409,
    "f1": 0.5610526315789474,
    "auc": 0.4962241621022431
  }
}